2025.11.20 08:13:57 INFO  es[][o.e.n.Node] version[7.17.15], pid[29], build[default/tar/0b8ecfb4378335f4689c4223d1f1115f16bef3ba/2023-11-10T22:03:46.987399016Z], OS[Linux/5.15.0-161-generic/amd64], JVM[Eclipse Adoptium/OpenJDK 64-Bit Server VM/17.0.16/17.0.16+8]
2025.11.20 08:13:57 INFO  es[][o.e.n.Node] JVM home [/opt/java/openjdk]
2025.11.20 08:13:57 INFO  es[][o.e.n.Node] JVM arguments [-XX:+UseG1GC, -Djava.io.tmpdir=/opt/sonarqube/temp, -XX:ErrorFile=/opt/sonarqube/logs/es_hs_err_pid%p.log, -Des.networkaddress.cache.ttl=60, -Des.networkaddress.cache.negative.ttl=10, -XX:+AlwaysPreTouch, -Xss1m, -Djava.awt.headless=true, -Dfile.encoding=UTF-8, -Djna.nosys=true, -Djna.tmpdir=/opt/sonarqube/temp, -XX:-OmitStackTraceInFastThrow, -Dio.netty.noUnsafe=true, -Dio.netty.noKeySetOptimization=true, -Dio.netty.recycler.maxCapacityPerThread=0, -Dio.netty.allocator.numDirectArenas=0, -Dlog4j.shutdownHookEnabled=false, -Dlog4j2.disable.jmx=true, -Dlog4j2.formatMsgNoLookups=true, -Djava.locale.providers=COMPAT, -Dcom.redhat.fips=false, -Xmx512m, -Xms512m, -XX:MaxDirectMemorySize=256m, -XX:+HeapDumpOnOutOfMemoryError, -Des.path.home=/opt/sonarqube/elasticsearch, -Des.path.conf=/opt/sonarqube/temp/conf/es, -Des.distribution.flavor=default, -Des.distribution.type=tar, -Des.bundled_jdk=false]
2025.11.20 08:13:58 INFO  es[][o.e.p.PluginsService] loaded module [analysis-common]
2025.11.20 08:13:58 INFO  es[][o.e.p.PluginsService] loaded module [lang-painless]
2025.11.20 08:13:58 INFO  es[][o.e.p.PluginsService] loaded module [parent-join]
2025.11.20 08:13:58 INFO  es[][o.e.p.PluginsService] loaded module [reindex]
2025.11.20 08:13:58 INFO  es[][o.e.p.PluginsService] loaded module [transport-netty4]
2025.11.20 08:13:58 INFO  es[][o.e.p.PluginsService] no plugins loaded
2025.11.20 08:13:58 INFO  es[][o.e.e.NodeEnvironment] using [1] data paths, mounts [[/opt/sonarqube/data (/dev/mapper/ubuntu--vg-ubuntu--lv)]], net usable_space [29.5gb], net total_space [47.9gb], types [ext4]
2025.11.20 08:13:58 INFO  es[][o.e.e.NodeEnvironment] heap size [512mb], compressed ordinary object pointers [true]
2025.11.20 08:13:58 INFO  es[][o.e.n.Node] node name [sonarqube], node ID [H-vh3tNWQx2x0CdMTrSU8g], cluster name [sonarqube], roles [data_frozen, master, remote_cluster_client, data, data_content, data_hot, data_warm, data_cold, ingest]
2025.11.20 08:14:00 INFO  es[][o.e.t.NettyAllocator] creating NettyAllocator with the following configs: [name=unpooled, suggested_max_allocation_size=256kb, factors={es.unsafe.use_unpooled_allocator=null, g1gc_enabled=true, g1gc_region_size=1mb, heap_size=512mb}]
2025.11.20 08:14:00 INFO  es[][o.e.i.r.RecoverySettings] using rate limit [40mb] with [default=40mb, read=0b, write=0b, max=0b]
2025.11.20 08:14:00 INFO  es[][o.e.d.DiscoveryModule] using discovery type [zen] and seed hosts providers [settings]
2025.11.20 08:14:01 INFO  es[][o.e.g.DanglingIndicesState] gateway.auto_import_dangling_indices is disabled, dangling indices will not be automatically detected or imported and must be managed manually
2025.11.20 08:14:01 INFO  es[][o.e.n.Node] initialized
2025.11.20 08:14:01 INFO  es[][o.e.n.Node] starting ...
2025.11.20 08:14:01 INFO  es[][o.e.t.TransportService] publish_address {127.0.0.1:38875}, bound_addresses {127.0.0.1:38875}
2025.11.20 08:14:01 WARN  es[][o.e.b.BootstrapChecks] max virtual memory areas vm.max_map_count [65530] is too low, increase to at least [262144]
2025.11.20 08:14:01 INFO  es[][o.e.c.c.Coordinator] setting initial configuration to VotingConfiguration{H-vh3tNWQx2x0CdMTrSU8g}
2025.11.20 08:14:01 INFO  es[][o.e.c.s.MasterService] elected-as-master ([1] nodes joined)[{sonarqube}{H-vh3tNWQx2x0CdMTrSU8g}{0uSVerElRFWDvdjglaBuYg}{127.0.0.1}{127.0.0.1:38875}{cdfhimrsw} elect leader, _BECOME_MASTER_TASK_, _FINISH_ELECTION_], term: 1, version: 1, delta: master node changed {previous [], current [{sonarqube}{H-vh3tNWQx2x0CdMTrSU8g}{0uSVerElRFWDvdjglaBuYg}{127.0.0.1}{127.0.0.1:38875}{cdfhimrsw}]}
2025.11.20 08:14:01 INFO  es[][o.e.c.c.CoordinationState] cluster UUID set to [k8-epdTpQgyo4XTCs_08SA]
2025.11.20 08:14:01 INFO  es[][o.e.c.s.ClusterApplierService] master node changed {previous [], current [{sonarqube}{H-vh3tNWQx2x0CdMTrSU8g}{0uSVerElRFWDvdjglaBuYg}{127.0.0.1}{127.0.0.1:38875}{cdfhimrsw}]}, term: 1, version: 1, reason: Publication{term=1, version=1}
2025.11.20 08:14:01 INFO  es[][o.e.h.AbstractHttpServerTransport] publish_address {127.0.0.1:9001}, bound_addresses {127.0.0.1:9001}
2025.11.20 08:14:01 INFO  es[][o.e.n.Node] started
2025.11.20 08:14:01 INFO  es[][o.e.g.GatewayService] recovered [0] indices into cluster_state
2025.11.20 08:14:09 INFO  es[][o.e.c.m.MetadataCreateIndexService] [metadatas] creating index, cause [api], templates [], shards [1]/[0]
2025.11.20 08:14:09 INFO  es[][o.e.c.r.a.AllocationService] Cluster health status changed from [YELLOW] to [GREEN] (reason: [shards started [[metadatas][0]]]).
2025.11.20 08:14:09 INFO  es[][o.e.c.m.MetadataMappingService] [metadatas/loe98QaCThKj1Y14O7XGBQ] create_mapping [metadata]
2025.11.20 08:14:09 INFO  es[][o.e.c.m.MetadataCreateIndexService] [components] creating index, cause [api], templates [], shards [5]/[0]
2025.11.20 08:14:09 INFO  es[][o.e.c.r.a.AllocationService] Cluster health status changed from [YELLOW] to [GREEN] (reason: [shards started [[components][4]]]).
2025.11.20 08:14:09 INFO  es[][o.e.c.m.MetadataMappingService] [components/aajuKq0MRQudzBYY0SoyZQ] create_mapping [auth]
2025.11.20 08:14:09 INFO  es[][o.e.c.m.MetadataCreateIndexService] [projectmeasures] creating index, cause [api], templates [], shards [5]/[0]
2025.11.20 08:14:10 INFO  es[][o.e.c.r.a.AllocationService] Cluster health status changed from [YELLOW] to [GREEN] (reason: [shards started [[projectmeasures][4]]]).
2025.11.20 08:14:10 INFO  es[][o.e.c.m.MetadataMappingService] [projectmeasures/JbQFLGkWTYuAuohO01hadA] create_mapping [auth]
2025.11.20 08:14:10 INFO  es[][o.e.c.m.MetadataCreateIndexService] [rules] creating index, cause [api], templates [], shards [2]/[0]
2025.11.20 08:14:10 INFO  es[][o.e.c.r.a.AllocationService] Cluster health status changed from [YELLOW] to [GREEN] (reason: [shards started [[rules][0]]]).
2025.11.20 08:14:10 INFO  es[][o.e.c.m.MetadataMappingService] [rules/DRJF1REhTQKO8ZgS-MlN4w] create_mapping [rule]
2025.11.20 08:14:10 INFO  es[][o.e.c.m.MetadataCreateIndexService] [issues] creating index, cause [api], templates [], shards [5]/[0]
2025.11.20 08:14:10 INFO  es[][o.e.c.r.a.AllocationService] Cluster health status changed from [YELLOW] to [GREEN] (reason: [shards started [[issues][4]]]).
2025.11.20 08:14:10 INFO  es[][o.e.c.m.MetadataMappingService] [issues/mYcFtVWURiOqWxDruPa3ZQ] create_mapping [auth]
2025.11.20 08:14:10 INFO  es[][o.e.c.m.MetadataCreateIndexService] [users] creating index, cause [api], templates [], shards [1]/[0]
2025.11.20 08:14:10 INFO  es[][o.e.c.r.a.AllocationService] Cluster health status changed from [YELLOW] to [GREEN] (reason: [shards started [[users][0]]]).
2025.11.20 08:14:10 INFO  es[][o.e.c.m.MetadataMappingService] [users/5EufTg75Q32PMetize2zfg] create_mapping [user]
2025.11.20 08:14:10 INFO  es[][o.e.c.m.MetadataCreateIndexService] [views] creating index, cause [api], templates [], shards [5]/[0]
2025.11.20 08:14:11 INFO  es[][o.e.c.r.a.AllocationService] Cluster health status changed from [YELLOW] to [GREEN] (reason: [shards started [[views][4]]]).
2025.11.20 08:14:11 INFO  es[][o.e.c.m.MetadataMappingService] [views/4t9uVCTBQ--y6otNrFjKKw] create_mapping [view]
2025.11.20 08:14:41 INFO  es[][o.e.c.s.IndexScopedSettings] updating [index.refresh_interval] from [30s] to [-1]
2025.11.20 08:14:41 INFO  es[][o.e.c.s.IndexScopedSettings] updating [index.refresh_interval] from [30s] to [-1]
2025.11.20 08:14:41 INFO  es[][o.e.c.s.IndexScopedSettings] updating [index.refresh_interval] from [-1] to [30s]
2025.11.20 08:14:41 INFO  es[][o.e.c.s.IndexScopedSettings] updating [index.refresh_interval] from [-1] to [30s]
2025.11.20 08:14:41 INFO  es[][o.e.c.s.IndexScopedSettings] updating [index.refresh_interval] from [30s] to [-1]
2025.11.20 08:14:41 INFO  es[][o.e.c.s.IndexScopedSettings] updating [index.refresh_interval] from [30s] to [-1]
2025.11.20 08:14:41 INFO  es[][o.e.c.s.IndexScopedSettings] updating [index.refresh_interval] from [-1] to [30s]
2025.11.20 08:14:41 INFO  es[][o.e.c.s.IndexScopedSettings] updating [index.refresh_interval] from [-1] to [30s]
2025.11.20 08:31:31 WARN  es[][o.e.e.NodeEnvironment] lock assertion failed
java.nio.file.NoSuchFileException: /opt/sonarqube/data/es7/nodes/0/node.lock
	at sun.nio.fs.UnixException.translateToIOException(Unknown Source) ~[?:?]
	at sun.nio.fs.UnixException.rethrowAsIOException(Unknown Source) ~[?:?]
	at sun.nio.fs.UnixException.rethrowAsIOException(Unknown Source) ~[?:?]
	at sun.nio.fs.UnixFileAttributeViews$Basic.readAttributes(Unknown Source) ~[?:?]
	at sun.nio.fs.UnixFileSystemProvider.readAttributes(Unknown Source) ~[?:?]
	at sun.nio.fs.LinuxFileSystemProvider.readAttributes(Unknown Source) ~[?:?]
	at java.nio.file.Files.readAttributes(Unknown Source) ~[?:?]
	at org.apache.lucene.store.NativeFSLockFactory$NativeFSLock.ensureValid(NativeFSLockFactory.java:189) ~[lucene-core-8.11.1.jar:8.11.1 0b002b11819df70783e83ef36b42ed1223c14b50 - janhoy - 2021-12-14 13:46:43]
	at org.elasticsearch.env.NodeEnvironment.assertEnvIsLocked(NodeEnvironment.java:1105) [elasticsearch-7.17.15.jar:7.17.15]
	at org.elasticsearch.env.NodeEnvironment.dataPaths(NodeEnvironment.java:897) [elasticsearch-7.17.15.jar:7.17.15]
	at org.elasticsearch.monitor.fs.FsProbe.stats(FsProbe.java:45) [elasticsearch-7.17.15.jar:7.17.15]
	at org.elasticsearch.monitor.fs.FsService$FsInfoCache.refresh(FsService.java:93) [elasticsearch-7.17.15.jar:7.17.15]
	at org.elasticsearch.monitor.fs.FsService$FsInfoCache.refresh(FsService.java:79) [elasticsearch-7.17.15.jar:7.17.15]
	at org.elasticsearch.common.util.SingleObjectCache.getOrRefresh(SingleObjectCache.java:42) [elasticsearch-7.17.15.jar:7.17.15]
	at org.elasticsearch.monitor.fs.FsService.lambda$new$1(FsService.java:57) [elasticsearch-7.17.15.jar:7.17.15]
	at org.elasticsearch.monitor.fs.FsService.stats(FsService.java:67) [elasticsearch-7.17.15.jar:7.17.15]
	at org.elasticsearch.node.NodeService.stats(NodeService.java:154) [elasticsearch-7.17.15.jar:7.17.15]
	at org.elasticsearch.action.admin.cluster.node.stats.TransportNodesStatsAction.nodeOperation(TransportNodesStatsAction.java:87) [elasticsearch-7.17.15.jar:7.17.15]
	at org.elasticsearch.action.admin.cluster.node.stats.TransportNodesStatsAction.nodeOperation(TransportNodesStatsAction.java:80) [elasticsearch-7.17.15.jar:7.17.15]
	at org.elasticsearch.action.admin.cluster.node.stats.TransportNodesStatsAction.nodeOperation(TransportNodesStatsAction.java:32) [elasticsearch-7.17.15.jar:7.17.15]
	at org.elasticsearch.action.support.nodes.TransportNodesAction$NodeTransportHandler.messageReceived(TransportNodesAction.java:333) [elasticsearch-7.17.15.jar:7.17.15]
	at org.elasticsearch.action.support.nodes.TransportNodesAction$NodeTransportHandler.messageReceived(TransportNodesAction.java:327) [elasticsearch-7.17.15.jar:7.17.15]
	at org.elasticsearch.transport.RequestHandlerRegistry.processMessageReceived(RequestHandlerRegistry.java:67) [elasticsearch-7.17.15.jar:7.17.15]
	at org.elasticsearch.transport.TransportService$6.doRun(TransportService.java:1045) [elasticsearch-7.17.15.jar:7.17.15]
	at org.elasticsearch.common.util.concurrent.ThreadContext$ContextPreservingAbstractRunnable.doRun(ThreadContext.java:777) [elasticsearch-7.17.15.jar:7.17.15]
	at org.elasticsearch.common.util.concurrent.AbstractRunnable.run(AbstractRunnable.java:26) [elasticsearch-7.17.15.jar:7.17.15]
	at java.util.concurrent.ThreadPoolExecutor.runWorker(Unknown Source) [?:?]
	at java.util.concurrent.ThreadPoolExecutor$Worker.run(Unknown Source) [?:?]
	at java.lang.Thread.run(Unknown Source) [?:?]
2025.11.20 08:31:31 WARN  es[][o.e.c.InternalClusterInfoService] failed to retrieve stats for node [H-vh3tNWQx2x0CdMTrSU8g]: [sonarqube][127.0.0.1:38875][cluster:monitor/nodes/stats[n]]
2025.11.20 08:32:01 WARN  es[][o.e.e.NodeEnvironment] lock assertion failed
java.nio.file.NoSuchFileException: /opt/sonarqube/data/es7/nodes/0/node.lock
	at sun.nio.fs.UnixException.translateToIOException(Unknown Source) ~[?:?]
	at sun.nio.fs.UnixException.rethrowAsIOException(Unknown Source) ~[?:?]
	at sun.nio.fs.UnixException.rethrowAsIOException(Unknown Source) ~[?:?]
	at sun.nio.fs.UnixFileAttributeViews$Basic.readAttributes(Unknown Source) ~[?:?]
	at sun.nio.fs.UnixFileSystemProvider.readAttributes(Unknown Source) ~[?:?]
	at sun.nio.fs.LinuxFileSystemProvider.readAttributes(Unknown Source) ~[?:?]
	at java.nio.file.Files.readAttributes(Unknown Source) ~[?:?]
	at org.apache.lucene.store.NativeFSLockFactory$NativeFSLock.ensureValid(NativeFSLockFactory.java:189) ~[lucene-core-8.11.1.jar:8.11.1 0b002b11819df70783e83ef36b42ed1223c14b50 - janhoy - 2021-12-14 13:46:43]
	at org.elasticsearch.env.NodeEnvironment.assertEnvIsLocked(NodeEnvironment.java:1105) [elasticsearch-7.17.15.jar:7.17.15]
	at org.elasticsearch.env.NodeEnvironment.nodeDataPaths(NodeEnvironment.java:867) [elasticsearch-7.17.15.jar:7.17.15]
	at org.elasticsearch.monitor.fs.FsHealthService$FsHealthMonitor.monitorFSHealth(FsHealthService.java:156) [elasticsearch-7.17.15.jar:7.17.15]
	at org.elasticsearch.monitor.fs.FsHealthService$FsHealthMonitor.run(FsHealthService.java:144) [elasticsearch-7.17.15.jar:7.17.15]
	at org.elasticsearch.threadpool.Scheduler$ReschedulingRunnable.doRun(Scheduler.java:214) [elasticsearch-7.17.15.jar:7.17.15]
	at org.elasticsearch.common.util.concurrent.ThreadContext$ContextPreservingAbstractRunnable.doRun(ThreadContext.java:777) [elasticsearch-7.17.15.jar:7.17.15]
	at org.elasticsearch.common.util.concurrent.AbstractRunnable.run(AbstractRunnable.java:26) [elasticsearch-7.17.15.jar:7.17.15]
	at java.util.concurrent.ThreadPoolExecutor.runWorker(Unknown Source) [?:?]
	at java.util.concurrent.ThreadPoolExecutor$Worker.run(Unknown Source) [?:?]
	at java.lang.Thread.run(Unknown Source) [?:?]
2025.11.20 08:32:01 ERROR es[][o.e.m.f.FsHealthService] health check failed
java.lang.IllegalStateException: environment is not locked
	at org.elasticsearch.env.NodeEnvironment.assertEnvIsLocked(NodeEnvironment.java:1108) ~[elasticsearch-7.17.15.jar:7.17.15]
	at org.elasticsearch.env.NodeEnvironment.nodeDataPaths(NodeEnvironment.java:867) ~[elasticsearch-7.17.15.jar:7.17.15]
	at org.elasticsearch.monitor.fs.FsHealthService$FsHealthMonitor.monitorFSHealth(FsHealthService.java:156) [elasticsearch-7.17.15.jar:7.17.15]
	at org.elasticsearch.monitor.fs.FsHealthService$FsHealthMonitor.run(FsHealthService.java:144) [elasticsearch-7.17.15.jar:7.17.15]
	at org.elasticsearch.threadpool.Scheduler$ReschedulingRunnable.doRun(Scheduler.java:214) [elasticsearch-7.17.15.jar:7.17.15]
	at org.elasticsearch.common.util.concurrent.ThreadContext$ContextPreservingAbstractRunnable.doRun(ThreadContext.java:777) [elasticsearch-7.17.15.jar:7.17.15]
	at org.elasticsearch.common.util.concurrent.AbstractRunnable.run(AbstractRunnable.java:26) [elasticsearch-7.17.15.jar:7.17.15]
	at java.util.concurrent.ThreadPoolExecutor.runWorker(Unknown Source) [?:?]
	at java.util.concurrent.ThreadPoolExecutor$Worker.run(Unknown Source) [?:?]
	at java.lang.Thread.run(Unknown Source) [?:?]
Caused by: java.nio.file.NoSuchFileException: /opt/sonarqube/data/es7/nodes/0/node.lock
	at sun.nio.fs.UnixException.translateToIOException(Unknown Source) ~[?:?]
	at sun.nio.fs.UnixException.rethrowAsIOException(Unknown Source) ~[?:?]
	at sun.nio.fs.UnixException.rethrowAsIOException(Unknown Source) ~[?:?]
	at sun.nio.fs.UnixFileAttributeViews$Basic.readAttributes(Unknown Source) ~[?:?]
	at sun.nio.fs.UnixFileSystemProvider.readAttributes(Unknown Source) ~[?:?]
	at sun.nio.fs.LinuxFileSystemProvider.readAttributes(Unknown Source) ~[?:?]
	at java.nio.file.Files.readAttributes(Unknown Source) ~[?:?]
	at org.apache.lucene.store.NativeFSLockFactory$NativeFSLock.ensureValid(NativeFSLockFactory.java:189) ~[lucene-core-8.11.1.jar:8.11.1 0b002b11819df70783e83ef36b42ed1223c14b50 - janhoy - 2021-12-14 13:46:43]
	at org.elasticsearch.env.NodeEnvironment.assertEnvIsLocked(NodeEnvironment.java:1105) ~[elasticsearch-7.17.15.jar:7.17.15]
	... 9 more
2025.11.20 08:32:01 WARN  es[][o.e.e.NodeEnvironment] lock assertion failed
java.nio.file.NoSuchFileException: /opt/sonarqube/data/es7/nodes/0/node.lock
	at sun.nio.fs.UnixException.translateToIOException(Unknown Source) ~[?:?]
	at sun.nio.fs.UnixException.rethrowAsIOException(Unknown Source) ~[?:?]
	at sun.nio.fs.UnixException.rethrowAsIOException(Unknown Source) ~[?:?]
	at sun.nio.fs.UnixFileAttributeViews$Basic.readAttributes(Unknown Source) ~[?:?]
	at sun.nio.fs.UnixFileSystemProvider.readAttributes(Unknown Source) ~[?:?]
	at sun.nio.fs.LinuxFileSystemProvider.readAttributes(Unknown Source) ~[?:?]
	at java.nio.file.Files.readAttributes(Unknown Source) ~[?:?]
	at org.apache.lucene.store.NativeFSLockFactory$NativeFSLock.ensureValid(NativeFSLockFactory.java:189) ~[lucene-core-8.11.1.jar:8.11.1 0b002b11819df70783e83ef36b42ed1223c14b50 - janhoy - 2021-12-14 13:46:43]
	at org.elasticsearch.env.NodeEnvironment.assertEnvIsLocked(NodeEnvironment.java:1105) [elasticsearch-7.17.15.jar:7.17.15]
	at org.elasticsearch.env.NodeEnvironment.dataPaths(NodeEnvironment.java:897) [elasticsearch-7.17.15.jar:7.17.15]
	at org.elasticsearch.monitor.fs.FsProbe.stats(FsProbe.java:45) [elasticsearch-7.17.15.jar:7.17.15]
	at org.elasticsearch.monitor.fs.FsService$FsInfoCache.refresh(FsService.java:93) [elasticsearch-7.17.15.jar:7.17.15]
	at org.elasticsearch.monitor.fs.FsService$FsInfoCache.refresh(FsService.java:79) [elasticsearch-7.17.15.jar:7.17.15]
	at org.elasticsearch.common.util.SingleObjectCache.getOrRefresh(SingleObjectCache.java:42) [elasticsearch-7.17.15.jar:7.17.15]
	at org.elasticsearch.monitor.fs.FsService.lambda$new$1(FsService.java:57) [elasticsearch-7.17.15.jar:7.17.15]
	at org.elasticsearch.monitor.fs.FsService.stats(FsService.java:67) [elasticsearch-7.17.15.jar:7.17.15]
	at org.elasticsearch.node.NodeService.stats(NodeService.java:154) [elasticsearch-7.17.15.jar:7.17.15]
	at org.elasticsearch.action.admin.cluster.node.stats.TransportNodesStatsAction.nodeOperation(TransportNodesStatsAction.java:87) [elasticsearch-7.17.15.jar:7.17.15]
	at org.elasticsearch.action.admin.cluster.node.stats.TransportNodesStatsAction.nodeOperation(TransportNodesStatsAction.java:80) [elasticsearch-7.17.15.jar:7.17.15]
	at org.elasticsearch.action.admin.cluster.node.stats.TransportNodesStatsAction.nodeOperation(TransportNodesStatsAction.java:32) [elasticsearch-7.17.15.jar:7.17.15]
	at org.elasticsearch.action.support.nodes.TransportNodesAction$NodeTransportHandler.messageReceived(TransportNodesAction.java:333) [elasticsearch-7.17.15.jar:7.17.15]
	at org.elasticsearch.action.support.nodes.TransportNodesAction$NodeTransportHandler.messageReceived(TransportNodesAction.java:327) [elasticsearch-7.17.15.jar:7.17.15]
	at org.elasticsearch.transport.RequestHandlerRegistry.processMessageReceived(RequestHandlerRegistry.java:67) [elasticsearch-7.17.15.jar:7.17.15]
	at org.elasticsearch.transport.TransportService$6.doRun(TransportService.java:1045) [elasticsearch-7.17.15.jar:7.17.15]
	at org.elasticsearch.common.util.concurrent.ThreadContext$ContextPreservingAbstractRunnable.doRun(ThreadContext.java:777) [elasticsearch-7.17.15.jar:7.17.15]
	at org.elasticsearch.common.util.concurrent.AbstractRunnable.run(AbstractRunnable.java:26) [elasticsearch-7.17.15.jar:7.17.15]
	at java.util.concurrent.ThreadPoolExecutor.runWorker(Unknown Source) [?:?]
	at java.util.concurrent.ThreadPoolExecutor$Worker.run(Unknown Source) [?:?]
	at java.lang.Thread.run(Unknown Source) [?:?]
2025.11.20 08:32:01 WARN  es[][o.e.c.InternalClusterInfoService] failed to retrieve stats for node [H-vh3tNWQx2x0CdMTrSU8g]: [sonarqube][127.0.0.1:38875][cluster:monitor/nodes/stats[n]]
2025.11.20 08:32:31 WARN  es[][o.e.e.NodeEnvironment] lock assertion failed
java.nio.file.NoSuchFileException: /opt/sonarqube/data/es7/nodes/0/node.lock
	at sun.nio.fs.UnixException.translateToIOException(Unknown Source) ~[?:?]
	at sun.nio.fs.UnixException.rethrowAsIOException(Unknown Source) ~[?:?]
	at sun.nio.fs.UnixException.rethrowAsIOException(Unknown Source) ~[?:?]
	at sun.nio.fs.UnixFileAttributeViews$Basic.readAttributes(Unknown Source) ~[?:?]
	at sun.nio.fs.UnixFileSystemProvider.readAttributes(Unknown Source) ~[?:?]
	at sun.nio.fs.LinuxFileSystemProvider.readAttributes(Unknown Source) ~[?:?]
	at java.nio.file.Files.readAttributes(Unknown Source) ~[?:?]
	at org.apache.lucene.store.NativeFSLockFactory$NativeFSLock.ensureValid(NativeFSLockFactory.java:189) ~[lucene-core-8.11.1.jar:8.11.1 0b002b11819df70783e83ef36b42ed1223c14b50 - janhoy - 2021-12-14 13:46:43]
	at org.elasticsearch.env.NodeEnvironment.assertEnvIsLocked(NodeEnvironment.java:1105) [elasticsearch-7.17.15.jar:7.17.15]
	at org.elasticsearch.env.NodeEnvironment.dataPaths(NodeEnvironment.java:897) [elasticsearch-7.17.15.jar:7.17.15]
	at org.elasticsearch.monitor.fs.FsProbe.stats(FsProbe.java:45) [elasticsearch-7.17.15.jar:7.17.15]
	at org.elasticsearch.monitor.fs.FsService$FsInfoCache.refresh(FsService.java:93) [elasticsearch-7.17.15.jar:7.17.15]
	at org.elasticsearch.monitor.fs.FsService$FsInfoCache.refresh(FsService.java:79) [elasticsearch-7.17.15.jar:7.17.15]
	at org.elasticsearch.common.util.SingleObjectCache.getOrRefresh(SingleObjectCache.java:42) [elasticsearch-7.17.15.jar:7.17.15]
	at org.elasticsearch.monitor.fs.FsService.lambda$new$1(FsService.java:57) [elasticsearch-7.17.15.jar:7.17.15]
	at org.elasticsearch.monitor.fs.FsService.stats(FsService.java:67) [elasticsearch-7.17.15.jar:7.17.15]
	at org.elasticsearch.node.NodeService.stats(NodeService.java:154) [elasticsearch-7.17.15.jar:7.17.15]
	at org.elasticsearch.action.admin.cluster.node.stats.TransportNodesStatsAction.nodeOperation(TransportNodesStatsAction.java:87) [elasticsearch-7.17.15.jar:7.17.15]
	at org.elasticsearch.action.admin.cluster.node.stats.TransportNodesStatsAction.nodeOperation(TransportNodesStatsAction.java:80) [elasticsearch-7.17.15.jar:7.17.15]
	at org.elasticsearch.action.admin.cluster.node.stats.TransportNodesStatsAction.nodeOperation(TransportNodesStatsAction.java:32) [elasticsearch-7.17.15.jar:7.17.15]
	at org.elasticsearch.action.support.nodes.TransportNodesAction$NodeTransportHandler.messageReceived(TransportNodesAction.java:333) [elasticsearch-7.17.15.jar:7.17.15]
	at org.elasticsearch.action.support.nodes.TransportNodesAction$NodeTransportHandler.messageReceived(TransportNodesAction.java:327) [elasticsearch-7.17.15.jar:7.17.15]
	at org.elasticsearch.transport.RequestHandlerRegistry.processMessageReceived(RequestHandlerRegistry.java:67) [elasticsearch-7.17.15.jar:7.17.15]
	at org.elasticsearch.transport.TransportService$6.doRun(TransportService.java:1045) [elasticsearch-7.17.15.jar:7.17.15]
	at org.elasticsearch.common.util.concurrent.ThreadContext$ContextPreservingAbstractRunnable.doRun(ThreadContext.java:777) [elasticsearch-7.17.15.jar:7.17.15]
	at org.elasticsearch.common.util.concurrent.AbstractRunnable.run(AbstractRunnable.java:26) [elasticsearch-7.17.15.jar:7.17.15]
	at java.util.concurrent.ThreadPoolExecutor.runWorker(Unknown Source) [?:?]
	at java.util.concurrent.ThreadPoolExecutor$Worker.run(Unknown Source) [?:?]
	at java.lang.Thread.run(Unknown Source) [?:?]
2025.11.20 08:32:31 WARN  es[][o.e.c.InternalClusterInfoService] failed to retrieve stats for node [H-vh3tNWQx2x0CdMTrSU8g]: [sonarqube][127.0.0.1:38875][cluster:monitor/nodes/stats[n]]
2025.11.20 08:33:01 WARN  es[][o.e.e.NodeEnvironment] lock assertion failed
java.nio.file.NoSuchFileException: /opt/sonarqube/data/es7/nodes/0/node.lock
	at sun.nio.fs.UnixException.translateToIOException(Unknown Source) ~[?:?]
	at sun.nio.fs.UnixException.rethrowAsIOException(Unknown Source) ~[?:?]
	at sun.nio.fs.UnixException.rethrowAsIOException(Unknown Source) ~[?:?]
	at sun.nio.fs.UnixFileAttributeViews$Basic.readAttributes(Unknown Source) ~[?:?]
	at sun.nio.fs.UnixFileSystemProvider.readAttributes(Unknown Source) ~[?:?]
	at sun.nio.fs.LinuxFileSystemProvider.readAttributes(Unknown Source) ~[?:?]
	at java.nio.file.Files.readAttributes(Unknown Source) ~[?:?]
	at org.apache.lucene.store.NativeFSLockFactory$NativeFSLock.ensureValid(NativeFSLockFactory.java:189) ~[lucene-core-8.11.1.jar:8.11.1 0b002b11819df70783e83ef36b42ed1223c14b50 - janhoy - 2021-12-14 13:46:43]
	at org.elasticsearch.env.NodeEnvironment.assertEnvIsLocked(NodeEnvironment.java:1105) [elasticsearch-7.17.15.jar:7.17.15]
	at org.elasticsearch.env.NodeEnvironment.dataPaths(NodeEnvironment.java:897) [elasticsearch-7.17.15.jar:7.17.15]
	at org.elasticsearch.monitor.fs.FsProbe.stats(FsProbe.java:45) [elasticsearch-7.17.15.jar:7.17.15]
	at org.elasticsearch.monitor.fs.FsService$FsInfoCache.refresh(FsService.java:93) [elasticsearch-7.17.15.jar:7.17.15]
	at org.elasticsearch.monitor.fs.FsService$FsInfoCache.refresh(FsService.java:79) [elasticsearch-7.17.15.jar:7.17.15]
	at org.elasticsearch.common.util.SingleObjectCache.getOrRefresh(SingleObjectCache.java:42) [elasticsearch-7.17.15.jar:7.17.15]
	at org.elasticsearch.monitor.fs.FsService.lambda$new$1(FsService.java:57) [elasticsearch-7.17.15.jar:7.17.15]
	at org.elasticsearch.monitor.fs.FsService.stats(FsService.java:67) [elasticsearch-7.17.15.jar:7.17.15]
	at org.elasticsearch.node.NodeService.stats(NodeService.java:154) [elasticsearch-7.17.15.jar:7.17.15]
	at org.elasticsearch.action.admin.cluster.node.stats.TransportNodesStatsAction.nodeOperation(TransportNodesStatsAction.java:87) [elasticsearch-7.17.15.jar:7.17.15]
	at org.elasticsearch.action.admin.cluster.node.stats.TransportNodesStatsAction.nodeOperation(TransportNodesStatsAction.java:80) [elasticsearch-7.17.15.jar:7.17.15]
	at org.elasticsearch.action.admin.cluster.node.stats.TransportNodesStatsAction.nodeOperation(TransportNodesStatsAction.java:32) [elasticsearch-7.17.15.jar:7.17.15]
	at org.elasticsearch.action.support.nodes.TransportNodesAction$NodeTransportHandler.messageReceived(TransportNodesAction.java:333) [elasticsearch-7.17.15.jar:7.17.15]
	at org.elasticsearch.action.support.nodes.TransportNodesAction$NodeTransportHandler.messageReceived(TransportNodesAction.java:327) [elasticsearch-7.17.15.jar:7.17.15]
	at org.elasticsearch.transport.RequestHandlerRegistry.processMessageReceived(RequestHandlerRegistry.java:67) [elasticsearch-7.17.15.jar:7.17.15]
	at org.elasticsearch.transport.TransportService$6.doRun(TransportService.java:1045) [elasticsearch-7.17.15.jar:7.17.15]
	at org.elasticsearch.common.util.concurrent.ThreadContext$ContextPreservingAbstractRunnable.doRun(ThreadContext.java:777) [elasticsearch-7.17.15.jar:7.17.15]
	at org.elasticsearch.common.util.concurrent.AbstractRunnable.run(AbstractRunnable.java:26) [elasticsearch-7.17.15.jar:7.17.15]
	at java.util.concurrent.ThreadPoolExecutor.runWorker(Unknown Source) [?:?]
	at java.util.concurrent.ThreadPoolExecutor$Worker.run(Unknown Source) [?:?]
	at java.lang.Thread.run(Unknown Source) [?:?]
2025.11.20 08:33:01 WARN  es[][o.e.c.InternalClusterInfoService] failed to retrieve stats for node [H-vh3tNWQx2x0CdMTrSU8g]: [sonarqube][127.0.0.1:38875][cluster:monitor/nodes/stats[n]]
2025.11.20 08:33:31 WARN  es[][o.e.e.NodeEnvironment] lock assertion failed
java.nio.file.NoSuchFileException: /opt/sonarqube/data/es7/nodes/0/node.lock
	at sun.nio.fs.UnixException.translateToIOException(Unknown Source) ~[?:?]
	at sun.nio.fs.UnixException.rethrowAsIOException(Unknown Source) ~[?:?]
	at sun.nio.fs.UnixException.rethrowAsIOException(Unknown Source) ~[?:?]
	at sun.nio.fs.UnixFileAttributeViews$Basic.readAttributes(Unknown Source) ~[?:?]
	at sun.nio.fs.UnixFileSystemProvider.readAttributes(Unknown Source) ~[?:?]
	at sun.nio.fs.LinuxFileSystemProvider.readAttributes(Unknown Source) ~[?:?]
	at java.nio.file.Files.readAttributes(Unknown Source) ~[?:?]
	at org.apache.lucene.store.NativeFSLockFactory$NativeFSLock.ensureValid(NativeFSLockFactory.java:189) ~[lucene-core-8.11.1.jar:8.11.1 0b002b11819df70783e83ef36b42ed1223c14b50 - janhoy - 2021-12-14 13:46:43]
	at org.elasticsearch.env.NodeEnvironment.assertEnvIsLocked(NodeEnvironment.java:1105) [elasticsearch-7.17.15.jar:7.17.15]
	at org.elasticsearch.env.NodeEnvironment.dataPaths(NodeEnvironment.java:897) [elasticsearch-7.17.15.jar:7.17.15]
	at org.elasticsearch.monitor.fs.FsProbe.stats(FsProbe.java:45) [elasticsearch-7.17.15.jar:7.17.15]
	at org.elasticsearch.monitor.fs.FsService$FsInfoCache.refresh(FsService.java:93) [elasticsearch-7.17.15.jar:7.17.15]
	at org.elasticsearch.monitor.fs.FsService$FsInfoCache.refresh(FsService.java:79) [elasticsearch-7.17.15.jar:7.17.15]
	at org.elasticsearch.common.util.SingleObjectCache.getOrRefresh(SingleObjectCache.java:42) [elasticsearch-7.17.15.jar:7.17.15]
	at org.elasticsearch.monitor.fs.FsService.lambda$new$1(FsService.java:57) [elasticsearch-7.17.15.jar:7.17.15]
	at org.elasticsearch.monitor.fs.FsService.stats(FsService.java:67) [elasticsearch-7.17.15.jar:7.17.15]
	at org.elasticsearch.node.NodeService.stats(NodeService.java:154) [elasticsearch-7.17.15.jar:7.17.15]
	at org.elasticsearch.action.admin.cluster.node.stats.TransportNodesStatsAction.nodeOperation(TransportNodesStatsAction.java:87) [elasticsearch-7.17.15.jar:7.17.15]
	at org.elasticsearch.action.admin.cluster.node.stats.TransportNodesStatsAction.nodeOperation(TransportNodesStatsAction.java:80) [elasticsearch-7.17.15.jar:7.17.15]
	at org.elasticsearch.action.admin.cluster.node.stats.TransportNodesStatsAction.nodeOperation(TransportNodesStatsAction.java:32) [elasticsearch-7.17.15.jar:7.17.15]
	at org.elasticsearch.action.support.nodes.TransportNodesAction$NodeTransportHandler.messageReceived(TransportNodesAction.java:333) [elasticsearch-7.17.15.jar:7.17.15]
	at org.elasticsearch.action.support.nodes.TransportNodesAction$NodeTransportHandler.messageReceived(TransportNodesAction.java:327) [elasticsearch-7.17.15.jar:7.17.15]
	at org.elasticsearch.transport.RequestHandlerRegistry.processMessageReceived(RequestHandlerRegistry.java:67) [elasticsearch-7.17.15.jar:7.17.15]
	at org.elasticsearch.transport.TransportService$6.doRun(TransportService.java:1045) [elasticsearch-7.17.15.jar:7.17.15]
	at org.elasticsearch.common.util.concurrent.ThreadContext$ContextPreservingAbstractRunnable.doRun(ThreadContext.java:777) [elasticsearch-7.17.15.jar:7.17.15]
	at org.elasticsearch.common.util.concurrent.AbstractRunnable.run(AbstractRunnable.java:26) [elasticsearch-7.17.15.jar:7.17.15]
	at java.util.concurrent.ThreadPoolExecutor.runWorker(Unknown Source) [?:?]
	at java.util.concurrent.ThreadPoolExecutor$Worker.run(Unknown Source) [?:?]
	at java.lang.Thread.run(Unknown Source) [?:?]
2025.11.20 08:33:31 WARN  es[][o.e.c.InternalClusterInfoService] failed to retrieve stats for node [H-vh3tNWQx2x0CdMTrSU8g]: [sonarqube][127.0.0.1:38875][cluster:monitor/nodes/stats[n]]
2025.11.20 08:34:01 WARN  es[][o.e.e.NodeEnvironment] lock assertion failed
java.nio.file.NoSuchFileException: /opt/sonarqube/data/es7/nodes/0/node.lock
	at sun.nio.fs.UnixException.translateToIOException(Unknown Source) ~[?:?]
	at sun.nio.fs.UnixException.rethrowAsIOException(Unknown Source) ~[?:?]
	at sun.nio.fs.UnixException.rethrowAsIOException(Unknown Source) ~[?:?]
	at sun.nio.fs.UnixFileAttributeViews$Basic.readAttributes(Unknown Source) ~[?:?]
	at sun.nio.fs.UnixFileSystemProvider.readAttributes(Unknown Source) ~[?:?]
	at sun.nio.fs.LinuxFileSystemProvider.readAttributes(Unknown Source) ~[?:?]
	at java.nio.file.Files.readAttributes(Unknown Source) ~[?:?]
	at org.apache.lucene.store.NativeFSLockFactory$NativeFSLock.ensureValid(NativeFSLockFactory.java:189) ~[lucene-core-8.11.1.jar:8.11.1 0b002b11819df70783e83ef36b42ed1223c14b50 - janhoy - 2021-12-14 13:46:43]
	at org.elasticsearch.env.NodeEnvironment.assertEnvIsLocked(NodeEnvironment.java:1105) [elasticsearch-7.17.15.jar:7.17.15]
	at org.elasticsearch.env.NodeEnvironment.nodeDataPaths(NodeEnvironment.java:867) [elasticsearch-7.17.15.jar:7.17.15]
	at org.elasticsearch.monitor.fs.FsHealthService$FsHealthMonitor.monitorFSHealth(FsHealthService.java:156) [elasticsearch-7.17.15.jar:7.17.15]
	at org.elasticsearch.monitor.fs.FsHealthService$FsHealthMonitor.run(FsHealthService.java:144) [elasticsearch-7.17.15.jar:7.17.15]
	at org.elasticsearch.threadpool.Scheduler$ReschedulingRunnable.doRun(Scheduler.java:214) [elasticsearch-7.17.15.jar:7.17.15]
	at org.elasticsearch.common.util.concurrent.ThreadContext$ContextPreservingAbstractRunnable.doRun(ThreadContext.java:777) [elasticsearch-7.17.15.jar:7.17.15]
	at org.elasticsearch.common.util.concurrent.AbstractRunnable.run(AbstractRunnable.java:26) [elasticsearch-7.17.15.jar:7.17.15]
	at java.util.concurrent.ThreadPoolExecutor.runWorker(Unknown Source) [?:?]
	at java.util.concurrent.ThreadPoolExecutor$Worker.run(Unknown Source) [?:?]
	at java.lang.Thread.run(Unknown Source) [?:?]
2025.11.20 08:34:01 ERROR es[][o.e.m.f.FsHealthService] health check failed
java.lang.IllegalStateException: environment is not locked
	at org.elasticsearch.env.NodeEnvironment.assertEnvIsLocked(NodeEnvironment.java:1108) ~[elasticsearch-7.17.15.jar:7.17.15]
	at org.elasticsearch.env.NodeEnvironment.nodeDataPaths(NodeEnvironment.java:867) ~[elasticsearch-7.17.15.jar:7.17.15]
	at org.elasticsearch.monitor.fs.FsHealthService$FsHealthMonitor.monitorFSHealth(FsHealthService.java:156) [elasticsearch-7.17.15.jar:7.17.15]
	at org.elasticsearch.monitor.fs.FsHealthService$FsHealthMonitor.run(FsHealthService.java:144) [elasticsearch-7.17.15.jar:7.17.15]
	at org.elasticsearch.threadpool.Scheduler$ReschedulingRunnable.doRun(Scheduler.java:214) [elasticsearch-7.17.15.jar:7.17.15]
	at org.elasticsearch.common.util.concurrent.ThreadContext$ContextPreservingAbstractRunnable.doRun(ThreadContext.java:777) [elasticsearch-7.17.15.jar:7.17.15]
	at org.elasticsearch.common.util.concurrent.AbstractRunnable.run(AbstractRunnable.java:26) [elasticsearch-7.17.15.jar:7.17.15]
	at java.util.concurrent.ThreadPoolExecutor.runWorker(Unknown Source) [?:?]
	at java.util.concurrent.ThreadPoolExecutor$Worker.run(Unknown Source) [?:?]
	at java.lang.Thread.run(Unknown Source) [?:?]
Caused by: java.nio.file.NoSuchFileException: /opt/sonarqube/data/es7/nodes/0/node.lock
	at sun.nio.fs.UnixException.translateToIOException(Unknown Source) ~[?:?]
	at sun.nio.fs.UnixException.rethrowAsIOException(Unknown Source) ~[?:?]
	at sun.nio.fs.UnixException.rethrowAsIOException(Unknown Source) ~[?:?]
	at sun.nio.fs.UnixFileAttributeViews$Basic.readAttributes(Unknown Source) ~[?:?]
	at sun.nio.fs.UnixFileSystemProvider.readAttributes(Unknown Source) ~[?:?]
	at sun.nio.fs.LinuxFileSystemProvider.readAttributes(Unknown Source) ~[?:?]
	at java.nio.file.Files.readAttributes(Unknown Source) ~[?:?]
	at org.apache.lucene.store.NativeFSLockFactory$NativeFSLock.ensureValid(NativeFSLockFactory.java:189) ~[lucene-core-8.11.1.jar:8.11.1 0b002b11819df70783e83ef36b42ed1223c14b50 - janhoy - 2021-12-14 13:46:43]
	at org.elasticsearch.env.NodeEnvironment.assertEnvIsLocked(NodeEnvironment.java:1105) ~[elasticsearch-7.17.15.jar:7.17.15]
	... 9 more
2025.11.20 08:34:01 WARN  es[][o.e.e.NodeEnvironment] lock assertion failed
java.nio.file.NoSuchFileException: /opt/sonarqube/data/es7/nodes/0/node.lock
	at sun.nio.fs.UnixException.translateToIOException(Unknown Source) ~[?:?]
	at sun.nio.fs.UnixException.rethrowAsIOException(Unknown Source) ~[?:?]
	at sun.nio.fs.UnixException.rethrowAsIOException(Unknown Source) ~[?:?]
	at sun.nio.fs.UnixFileAttributeViews$Basic.readAttributes(Unknown Source) ~[?:?]
	at sun.nio.fs.UnixFileSystemProvider.readAttributes(Unknown Source) ~[?:?]
	at sun.nio.fs.LinuxFileSystemProvider.readAttributes(Unknown Source) ~[?:?]
	at java.nio.file.Files.readAttributes(Unknown Source) ~[?:?]
	at org.apache.lucene.store.NativeFSLockFactory$NativeFSLock.ensureValid(NativeFSLockFactory.java:189) ~[lucene-core-8.11.1.jar:8.11.1 0b002b11819df70783e83ef36b42ed1223c14b50 - janhoy - 2021-12-14 13:46:43]
	at org.elasticsearch.env.NodeEnvironment.assertEnvIsLocked(NodeEnvironment.java:1105) [elasticsearch-7.17.15.jar:7.17.15]
	at org.elasticsearch.env.NodeEnvironment.dataPaths(NodeEnvironment.java:897) [elasticsearch-7.17.15.jar:7.17.15]
	at org.elasticsearch.monitor.fs.FsProbe.stats(FsProbe.java:45) [elasticsearch-7.17.15.jar:7.17.15]
	at org.elasticsearch.monitor.fs.FsService$FsInfoCache.refresh(FsService.java:93) [elasticsearch-7.17.15.jar:7.17.15]
	at org.elasticsearch.monitor.fs.FsService$FsInfoCache.refresh(FsService.java:79) [elasticsearch-7.17.15.jar:7.17.15]
	at org.elasticsearch.common.util.SingleObjectCache.getOrRefresh(SingleObjectCache.java:42) [elasticsearch-7.17.15.jar:7.17.15]
	at org.elasticsearch.monitor.fs.FsService.lambda$new$1(FsService.java:57) [elasticsearch-7.17.15.jar:7.17.15]
	at org.elasticsearch.monitor.fs.FsService.stats(FsService.java:67) [elasticsearch-7.17.15.jar:7.17.15]
	at org.elasticsearch.node.NodeService.stats(NodeService.java:154) [elasticsearch-7.17.15.jar:7.17.15]
	at org.elasticsearch.action.admin.cluster.node.stats.TransportNodesStatsAction.nodeOperation(TransportNodesStatsAction.java:87) [elasticsearch-7.17.15.jar:7.17.15]
	at org.elasticsearch.action.admin.cluster.node.stats.TransportNodesStatsAction.nodeOperation(TransportNodesStatsAction.java:80) [elasticsearch-7.17.15.jar:7.17.15]
	at org.elasticsearch.action.admin.cluster.node.stats.TransportNodesStatsAction.nodeOperation(TransportNodesStatsAction.java:32) [elasticsearch-7.17.15.jar:7.17.15]
	at org.elasticsearch.action.support.nodes.TransportNodesAction$NodeTransportHandler.messageReceived(TransportNodesAction.java:333) [elasticsearch-7.17.15.jar:7.17.15]
	at org.elasticsearch.action.support.nodes.TransportNodesAction$NodeTransportHandler.messageReceived(TransportNodesAction.java:327) [elasticsearch-7.17.15.jar:7.17.15]
	at org.elasticsearch.transport.RequestHandlerRegistry.processMessageReceived(RequestHandlerRegistry.java:67) [elasticsearch-7.17.15.jar:7.17.15]
	at org.elasticsearch.transport.TransportService$6.doRun(TransportService.java:1045) [elasticsearch-7.17.15.jar:7.17.15]
	at org.elasticsearch.common.util.concurrent.ThreadContext$ContextPreservingAbstractRunnable.doRun(ThreadContext.java:777) [elasticsearch-7.17.15.jar:7.17.15]
	at org.elasticsearch.common.util.concurrent.AbstractRunnable.run(AbstractRunnable.java:26) [elasticsearch-7.17.15.jar:7.17.15]
	at java.util.concurrent.ThreadPoolExecutor.runWorker(Unknown Source) [?:?]
	at java.util.concurrent.ThreadPoolExecutor$Worker.run(Unknown Source) [?:?]
	at java.lang.Thread.run(Unknown Source) [?:?]
2025.11.20 08:34:01 WARN  es[][o.e.c.InternalClusterInfoService] failed to retrieve stats for node [H-vh3tNWQx2x0CdMTrSU8g]: [sonarqube][127.0.0.1:38875][cluster:monitor/nodes/stats[n]]
2025.11.20 08:34:31 WARN  es[][o.e.e.NodeEnvironment] lock assertion failed
java.nio.file.NoSuchFileException: /opt/sonarqube/data/es7/nodes/0/node.lock
	at sun.nio.fs.UnixException.translateToIOException(Unknown Source) ~[?:?]
	at sun.nio.fs.UnixException.rethrowAsIOException(Unknown Source) ~[?:?]
	at sun.nio.fs.UnixException.rethrowAsIOException(Unknown Source) ~[?:?]
	at sun.nio.fs.UnixFileAttributeViews$Basic.readAttributes(Unknown Source) ~[?:?]
	at sun.nio.fs.UnixFileSystemProvider.readAttributes(Unknown Source) ~[?:?]
	at sun.nio.fs.LinuxFileSystemProvider.readAttributes(Unknown Source) ~[?:?]
	at java.nio.file.Files.readAttributes(Unknown Source) ~[?:?]
	at org.apache.lucene.store.NativeFSLockFactory$NativeFSLock.ensureValid(NativeFSLockFactory.java:189) ~[lucene-core-8.11.1.jar:8.11.1 0b002b11819df70783e83ef36b42ed1223c14b50 - janhoy - 2021-12-14 13:46:43]
	at org.elasticsearch.env.NodeEnvironment.assertEnvIsLocked(NodeEnvironment.java:1105) [elasticsearch-7.17.15.jar:7.17.15]
	at org.elasticsearch.env.NodeEnvironment.dataPaths(NodeEnvironment.java:897) [elasticsearch-7.17.15.jar:7.17.15]
	at org.elasticsearch.monitor.fs.FsProbe.stats(FsProbe.java:45) [elasticsearch-7.17.15.jar:7.17.15]
	at org.elasticsearch.monitor.fs.FsService$FsInfoCache.refresh(FsService.java:93) [elasticsearch-7.17.15.jar:7.17.15]
	at org.elasticsearch.monitor.fs.FsService$FsInfoCache.refresh(FsService.java:79) [elasticsearch-7.17.15.jar:7.17.15]
	at org.elasticsearch.common.util.SingleObjectCache.getOrRefresh(SingleObjectCache.java:42) [elasticsearch-7.17.15.jar:7.17.15]
	at org.elasticsearch.monitor.fs.FsService.lambda$new$1(FsService.java:57) [elasticsearch-7.17.15.jar:7.17.15]
	at org.elasticsearch.monitor.fs.FsService.stats(FsService.java:67) [elasticsearch-7.17.15.jar:7.17.15]
	at org.elasticsearch.node.NodeService.stats(NodeService.java:154) [elasticsearch-7.17.15.jar:7.17.15]
	at org.elasticsearch.action.admin.cluster.node.stats.TransportNodesStatsAction.nodeOperation(TransportNodesStatsAction.java:87) [elasticsearch-7.17.15.jar:7.17.15]
	at org.elasticsearch.action.admin.cluster.node.stats.TransportNodesStatsAction.nodeOperation(TransportNodesStatsAction.java:80) [elasticsearch-7.17.15.jar:7.17.15]
	at org.elasticsearch.action.admin.cluster.node.stats.TransportNodesStatsAction.nodeOperation(TransportNodesStatsAction.java:32) [elasticsearch-7.17.15.jar:7.17.15]
	at org.elasticsearch.action.support.nodes.TransportNodesAction$NodeTransportHandler.messageReceived(TransportNodesAction.java:333) [elasticsearch-7.17.15.jar:7.17.15]
	at org.elasticsearch.action.support.nodes.TransportNodesAction$NodeTransportHandler.messageReceived(TransportNodesAction.java:327) [elasticsearch-7.17.15.jar:7.17.15]
	at org.elasticsearch.transport.RequestHandlerRegistry.processMessageReceived(RequestHandlerRegistry.java:67) [elasticsearch-7.17.15.jar:7.17.15]
	at org.elasticsearch.transport.TransportService$6.doRun(TransportService.java:1045) [elasticsearch-7.17.15.jar:7.17.15]
	at org.elasticsearch.common.util.concurrent.ThreadContext$ContextPreservingAbstractRunnable.doRun(ThreadContext.java:777) [elasticsearch-7.17.15.jar:7.17.15]
	at org.elasticsearch.common.util.concurrent.AbstractRunnable.run(AbstractRunnable.java:26) [elasticsearch-7.17.15.jar:7.17.15]
	at java.util.concurrent.ThreadPoolExecutor.runWorker(Unknown Source) [?:?]
	at java.util.concurrent.ThreadPoolExecutor$Worker.run(Unknown Source) [?:?]
	at java.lang.Thread.run(Unknown Source) [?:?]
2025.11.20 08:34:31 WARN  es[][o.e.c.InternalClusterInfoService] failed to retrieve stats for node [H-vh3tNWQx2x0CdMTrSU8g]: [sonarqube][127.0.0.1:38875][cluster:monitor/nodes/stats[n]]
2025.11.20 08:35:01 WARN  es[][o.e.e.NodeEnvironment] lock assertion failed
java.nio.file.NoSuchFileException: /opt/sonarqube/data/es7/nodes/0/node.lock
	at sun.nio.fs.UnixException.translateToIOException(Unknown Source) ~[?:?]
	at sun.nio.fs.UnixException.rethrowAsIOException(Unknown Source) ~[?:?]
	at sun.nio.fs.UnixException.rethrowAsIOException(Unknown Source) ~[?:?]
	at sun.nio.fs.UnixFileAttributeViews$Basic.readAttributes(Unknown Source) ~[?:?]
	at sun.nio.fs.UnixFileSystemProvider.readAttributes(Unknown Source) ~[?:?]
	at sun.nio.fs.LinuxFileSystemProvider.readAttributes(Unknown Source) ~[?:?]
	at java.nio.file.Files.readAttributes(Unknown Source) ~[?:?]
	at org.apache.lucene.store.NativeFSLockFactory$NativeFSLock.ensureValid(NativeFSLockFactory.java:189) ~[lucene-core-8.11.1.jar:8.11.1 0b002b11819df70783e83ef36b42ed1223c14b50 - janhoy - 2021-12-14 13:46:43]
	at org.elasticsearch.env.NodeEnvironment.assertEnvIsLocked(NodeEnvironment.java:1105) [elasticsearch-7.17.15.jar:7.17.15]
	at org.elasticsearch.env.NodeEnvironment.dataPaths(NodeEnvironment.java:897) [elasticsearch-7.17.15.jar:7.17.15]
	at org.elasticsearch.monitor.fs.FsProbe.stats(FsProbe.java:45) [elasticsearch-7.17.15.jar:7.17.15]
	at org.elasticsearch.monitor.fs.FsService$FsInfoCache.refresh(FsService.java:93) [elasticsearch-7.17.15.jar:7.17.15]
	at org.elasticsearch.monitor.fs.FsService$FsInfoCache.refresh(FsService.java:79) [elasticsearch-7.17.15.jar:7.17.15]
	at org.elasticsearch.common.util.SingleObjectCache.getOrRefresh(SingleObjectCache.java:42) [elasticsearch-7.17.15.jar:7.17.15]
	at org.elasticsearch.monitor.fs.FsService.lambda$new$1(FsService.java:57) [elasticsearch-7.17.15.jar:7.17.15]
	at org.elasticsearch.monitor.fs.FsService.stats(FsService.java:67) [elasticsearch-7.17.15.jar:7.17.15]
	at org.elasticsearch.node.NodeService.stats(NodeService.java:154) [elasticsearch-7.17.15.jar:7.17.15]
	at org.elasticsearch.action.admin.cluster.node.stats.TransportNodesStatsAction.nodeOperation(TransportNodesStatsAction.java:87) [elasticsearch-7.17.15.jar:7.17.15]
	at org.elasticsearch.action.admin.cluster.node.stats.TransportNodesStatsAction.nodeOperation(TransportNodesStatsAction.java:80) [elasticsearch-7.17.15.jar:7.17.15]
	at org.elasticsearch.action.admin.cluster.node.stats.TransportNodesStatsAction.nodeOperation(TransportNodesStatsAction.java:32) [elasticsearch-7.17.15.jar:7.17.15]
	at org.elasticsearch.action.support.nodes.TransportNodesAction$NodeTransportHandler.messageReceived(TransportNodesAction.java:333) [elasticsearch-7.17.15.jar:7.17.15]
	at org.elasticsearch.action.support.nodes.TransportNodesAction$NodeTransportHandler.messageReceived(TransportNodesAction.java:327) [elasticsearch-7.17.15.jar:7.17.15]
	at org.elasticsearch.transport.RequestHandlerRegistry.processMessageReceived(RequestHandlerRegistry.java:67) [elasticsearch-7.17.15.jar:7.17.15]
	at org.elasticsearch.transport.TransportService$6.doRun(TransportService.java:1045) [elasticsearch-7.17.15.jar:7.17.15]
	at org.elasticsearch.common.util.concurrent.ThreadContext$ContextPreservingAbstractRunnable.doRun(ThreadContext.java:777) [elasticsearch-7.17.15.jar:7.17.15]
	at org.elasticsearch.common.util.concurrent.AbstractRunnable.run(AbstractRunnable.java:26) [elasticsearch-7.17.15.jar:7.17.15]
	at java.util.concurrent.ThreadPoolExecutor.runWorker(Unknown Source) [?:?]
	at java.util.concurrent.ThreadPoolExecutor$Worker.run(Unknown Source) [?:?]
	at java.lang.Thread.run(Unknown Source) [?:?]
2025.11.20 08:35:01 WARN  es[][o.e.c.InternalClusterInfoService] failed to retrieve stats for node [H-vh3tNWQx2x0CdMTrSU8g]: [sonarqube][127.0.0.1:38875][cluster:monitor/nodes/stats[n]]
2025.11.20 08:35:31 WARN  es[][o.e.e.NodeEnvironment] lock assertion failed
java.nio.file.NoSuchFileException: /opt/sonarqube/data/es7/nodes/0/node.lock
	at sun.nio.fs.UnixException.translateToIOException(Unknown Source) ~[?:?]
	at sun.nio.fs.UnixException.rethrowAsIOException(Unknown Source) ~[?:?]
	at sun.nio.fs.UnixException.rethrowAsIOException(Unknown Source) ~[?:?]
	at sun.nio.fs.UnixFileAttributeViews$Basic.readAttributes(Unknown Source) ~[?:?]
	at sun.nio.fs.UnixFileSystemProvider.readAttributes(Unknown Source) ~[?:?]
	at sun.nio.fs.LinuxFileSystemProvider.readAttributes(Unknown Source) ~[?:?]
	at java.nio.file.Files.readAttributes(Unknown Source) ~[?:?]
	at org.apache.lucene.store.NativeFSLockFactory$NativeFSLock.ensureValid(NativeFSLockFactory.java:189) ~[lucene-core-8.11.1.jar:8.11.1 0b002b11819df70783e83ef36b42ed1223c14b50 - janhoy - 2021-12-14 13:46:43]
	at org.elasticsearch.env.NodeEnvironment.assertEnvIsLocked(NodeEnvironment.java:1105) [elasticsearch-7.17.15.jar:7.17.15]
	at org.elasticsearch.env.NodeEnvironment.dataPaths(NodeEnvironment.java:897) [elasticsearch-7.17.15.jar:7.17.15]
	at org.elasticsearch.monitor.fs.FsProbe.stats(FsProbe.java:45) [elasticsearch-7.17.15.jar:7.17.15]
	at org.elasticsearch.monitor.fs.FsService$FsInfoCache.refresh(FsService.java:93) [elasticsearch-7.17.15.jar:7.17.15]
	at org.elasticsearch.monitor.fs.FsService$FsInfoCache.refresh(FsService.java:79) [elasticsearch-7.17.15.jar:7.17.15]
	at org.elasticsearch.common.util.SingleObjectCache.getOrRefresh(SingleObjectCache.java:42) [elasticsearch-7.17.15.jar:7.17.15]
	at org.elasticsearch.monitor.fs.FsService.lambda$new$1(FsService.java:57) [elasticsearch-7.17.15.jar:7.17.15]
	at org.elasticsearch.monitor.fs.FsService.stats(FsService.java:67) [elasticsearch-7.17.15.jar:7.17.15]
	at org.elasticsearch.node.NodeService.stats(NodeService.java:154) [elasticsearch-7.17.15.jar:7.17.15]
	at org.elasticsearch.action.admin.cluster.node.stats.TransportNodesStatsAction.nodeOperation(TransportNodesStatsAction.java:87) [elasticsearch-7.17.15.jar:7.17.15]
	at org.elasticsearch.action.admin.cluster.node.stats.TransportNodesStatsAction.nodeOperation(TransportNodesStatsAction.java:80) [elasticsearch-7.17.15.jar:7.17.15]
	at org.elasticsearch.action.admin.cluster.node.stats.TransportNodesStatsAction.nodeOperation(TransportNodesStatsAction.java:32) [elasticsearch-7.17.15.jar:7.17.15]
	at org.elasticsearch.action.support.nodes.TransportNodesAction$NodeTransportHandler.messageReceived(TransportNodesAction.java:333) [elasticsearch-7.17.15.jar:7.17.15]
	at org.elasticsearch.action.support.nodes.TransportNodesAction$NodeTransportHandler.messageReceived(TransportNodesAction.java:327) [elasticsearch-7.17.15.jar:7.17.15]
	at org.elasticsearch.transport.RequestHandlerRegistry.processMessageReceived(RequestHandlerRegistry.java:67) [elasticsearch-7.17.15.jar:7.17.15]
	at org.elasticsearch.transport.TransportService$6.doRun(TransportService.java:1045) [elasticsearch-7.17.15.jar:7.17.15]
	at org.elasticsearch.common.util.concurrent.ThreadContext$ContextPreservingAbstractRunnable.doRun(ThreadContext.java:777) [elasticsearch-7.17.15.jar:7.17.15]
	at org.elasticsearch.common.util.concurrent.AbstractRunnable.run(AbstractRunnable.java:26) [elasticsearch-7.17.15.jar:7.17.15]
	at java.util.concurrent.ThreadPoolExecutor.runWorker(Unknown Source) [?:?]
	at java.util.concurrent.ThreadPoolExecutor$Worker.run(Unknown Source) [?:?]
	at java.lang.Thread.run(Unknown Source) [?:?]
2025.11.20 08:35:31 WARN  es[][o.e.c.InternalClusterInfoService] failed to retrieve stats for node [H-vh3tNWQx2x0CdMTrSU8g]: [sonarqube][127.0.0.1:38875][cluster:monitor/nodes/stats[n]]
2025.11.20 08:36:01 WARN  es[][o.e.e.NodeEnvironment] lock assertion failed
java.nio.file.NoSuchFileException: /opt/sonarqube/data/es7/nodes/0/node.lock
	at sun.nio.fs.UnixException.translateToIOException(Unknown Source) ~[?:?]
	at sun.nio.fs.UnixException.rethrowAsIOException(Unknown Source) ~[?:?]
	at sun.nio.fs.UnixException.rethrowAsIOException(Unknown Source) ~[?:?]
	at sun.nio.fs.UnixFileAttributeViews$Basic.readAttributes(Unknown Source) ~[?:?]
	at sun.nio.fs.UnixFileSystemProvider.readAttributes(Unknown Source) ~[?:?]
	at sun.nio.fs.LinuxFileSystemProvider.readAttributes(Unknown Source) ~[?:?]
	at java.nio.file.Files.readAttributes(Unknown Source) ~[?:?]
	at org.apache.lucene.store.NativeFSLockFactory$NativeFSLock.ensureValid(NativeFSLockFactory.java:189) ~[lucene-core-8.11.1.jar:8.11.1 0b002b11819df70783e83ef36b42ed1223c14b50 - janhoy - 2021-12-14 13:46:43]
	at org.elasticsearch.env.NodeEnvironment.assertEnvIsLocked(NodeEnvironment.java:1105) [elasticsearch-7.17.15.jar:7.17.15]
	at org.elasticsearch.env.NodeEnvironment.nodeDataPaths(NodeEnvironment.java:867) [elasticsearch-7.17.15.jar:7.17.15]
	at org.elasticsearch.monitor.fs.FsHealthService$FsHealthMonitor.monitorFSHealth(FsHealthService.java:156) [elasticsearch-7.17.15.jar:7.17.15]
	at org.elasticsearch.monitor.fs.FsHealthService$FsHealthMonitor.run(FsHealthService.java:144) [elasticsearch-7.17.15.jar:7.17.15]
	at org.elasticsearch.threadpool.Scheduler$ReschedulingRunnable.doRun(Scheduler.java:214) [elasticsearch-7.17.15.jar:7.17.15]
	at org.elasticsearch.common.util.concurrent.ThreadContext$ContextPreservingAbstractRunnable.doRun(ThreadContext.java:777) [elasticsearch-7.17.15.jar:7.17.15]
	at org.elasticsearch.common.util.concurrent.AbstractRunnable.run(AbstractRunnable.java:26) [elasticsearch-7.17.15.jar:7.17.15]
	at java.util.concurrent.ThreadPoolExecutor.runWorker(Unknown Source) [?:?]
	at java.util.concurrent.ThreadPoolExecutor$Worker.run(Unknown Source) [?:?]
	at java.lang.Thread.run(Unknown Source) [?:?]
2025.11.20 08:36:01 ERROR es[][o.e.m.f.FsHealthService] health check failed
java.lang.IllegalStateException: environment is not locked
	at org.elasticsearch.env.NodeEnvironment.assertEnvIsLocked(NodeEnvironment.java:1108) ~[elasticsearch-7.17.15.jar:7.17.15]
	at org.elasticsearch.env.NodeEnvironment.nodeDataPaths(NodeEnvironment.java:867) ~[elasticsearch-7.17.15.jar:7.17.15]
	at org.elasticsearch.monitor.fs.FsHealthService$FsHealthMonitor.monitorFSHealth(FsHealthService.java:156) [elasticsearch-7.17.15.jar:7.17.15]
	at org.elasticsearch.monitor.fs.FsHealthService$FsHealthMonitor.run(FsHealthService.java:144) [elasticsearch-7.17.15.jar:7.17.15]
	at org.elasticsearch.threadpool.Scheduler$ReschedulingRunnable.doRun(Scheduler.java:214) [elasticsearch-7.17.15.jar:7.17.15]
	at org.elasticsearch.common.util.concurrent.ThreadContext$ContextPreservingAbstractRunnable.doRun(ThreadContext.java:777) [elasticsearch-7.17.15.jar:7.17.15]
	at org.elasticsearch.common.util.concurrent.AbstractRunnable.run(AbstractRunnable.java:26) [elasticsearch-7.17.15.jar:7.17.15]
	at java.util.concurrent.ThreadPoolExecutor.runWorker(Unknown Source) [?:?]
	at java.util.concurrent.ThreadPoolExecutor$Worker.run(Unknown Source) [?:?]
	at java.lang.Thread.run(Unknown Source) [?:?]
Caused by: java.nio.file.NoSuchFileException: /opt/sonarqube/data/es7/nodes/0/node.lock
	at sun.nio.fs.UnixException.translateToIOException(Unknown Source) ~[?:?]
	at sun.nio.fs.UnixException.rethrowAsIOException(Unknown Source) ~[?:?]
	at sun.nio.fs.UnixException.rethrowAsIOException(Unknown Source) ~[?:?]
	at sun.nio.fs.UnixFileAttributeViews$Basic.readAttributes(Unknown Source) ~[?:?]
	at sun.nio.fs.UnixFileSystemProvider.readAttributes(Unknown Source) ~[?:?]
	at sun.nio.fs.LinuxFileSystemProvider.readAttributes(Unknown Source) ~[?:?]
	at java.nio.file.Files.readAttributes(Unknown Source) ~[?:?]
	at org.apache.lucene.store.NativeFSLockFactory$NativeFSLock.ensureValid(NativeFSLockFactory.java:189) ~[lucene-core-8.11.1.jar:8.11.1 0b002b11819df70783e83ef36b42ed1223c14b50 - janhoy - 2021-12-14 13:46:43]
	at org.elasticsearch.env.NodeEnvironment.assertEnvIsLocked(NodeEnvironment.java:1105) ~[elasticsearch-7.17.15.jar:7.17.15]
	... 9 more
2025.11.20 08:36:01 WARN  es[][o.e.e.NodeEnvironment] lock assertion failed
java.nio.file.NoSuchFileException: /opt/sonarqube/data/es7/nodes/0/node.lock
	at sun.nio.fs.UnixException.translateToIOException(Unknown Source) ~[?:?]
	at sun.nio.fs.UnixException.rethrowAsIOException(Unknown Source) ~[?:?]
	at sun.nio.fs.UnixException.rethrowAsIOException(Unknown Source) ~[?:?]
	at sun.nio.fs.UnixFileAttributeViews$Basic.readAttributes(Unknown Source) ~[?:?]
	at sun.nio.fs.UnixFileSystemProvider.readAttributes(Unknown Source) ~[?:?]
	at sun.nio.fs.LinuxFileSystemProvider.readAttributes(Unknown Source) ~[?:?]
	at java.nio.file.Files.readAttributes(Unknown Source) ~[?:?]
	at org.apache.lucene.store.NativeFSLockFactory$NativeFSLock.ensureValid(NativeFSLockFactory.java:189) ~[lucene-core-8.11.1.jar:8.11.1 0b002b11819df70783e83ef36b42ed1223c14b50 - janhoy - 2021-12-14 13:46:43]
	at org.elasticsearch.env.NodeEnvironment.assertEnvIsLocked(NodeEnvironment.java:1105) [elasticsearch-7.17.15.jar:7.17.15]
	at org.elasticsearch.env.NodeEnvironment.dataPaths(NodeEnvironment.java:897) [elasticsearch-7.17.15.jar:7.17.15]
	at org.elasticsearch.monitor.fs.FsProbe.stats(FsProbe.java:45) [elasticsearch-7.17.15.jar:7.17.15]
	at org.elasticsearch.monitor.fs.FsService$FsInfoCache.refresh(FsService.java:93) [elasticsearch-7.17.15.jar:7.17.15]
	at org.elasticsearch.monitor.fs.FsService$FsInfoCache.refresh(FsService.java:79) [elasticsearch-7.17.15.jar:7.17.15]
	at org.elasticsearch.common.util.SingleObjectCache.getOrRefresh(SingleObjectCache.java:42) [elasticsearch-7.17.15.jar:7.17.15]
	at org.elasticsearch.monitor.fs.FsService.lambda$new$1(FsService.java:57) [elasticsearch-7.17.15.jar:7.17.15]
	at org.elasticsearch.monitor.fs.FsService.stats(FsService.java:67) [elasticsearch-7.17.15.jar:7.17.15]
	at org.elasticsearch.node.NodeService.stats(NodeService.java:154) [elasticsearch-7.17.15.jar:7.17.15]
	at org.elasticsearch.action.admin.cluster.node.stats.TransportNodesStatsAction.nodeOperation(TransportNodesStatsAction.java:87) [elasticsearch-7.17.15.jar:7.17.15]
	at org.elasticsearch.action.admin.cluster.node.stats.TransportNodesStatsAction.nodeOperation(TransportNodesStatsAction.java:80) [elasticsearch-7.17.15.jar:7.17.15]
	at org.elasticsearch.action.admin.cluster.node.stats.TransportNodesStatsAction.nodeOperation(TransportNodesStatsAction.java:32) [elasticsearch-7.17.15.jar:7.17.15]
	at org.elasticsearch.action.support.nodes.TransportNodesAction$NodeTransportHandler.messageReceived(TransportNodesAction.java:333) [elasticsearch-7.17.15.jar:7.17.15]
	at org.elasticsearch.action.support.nodes.TransportNodesAction$NodeTransportHandler.messageReceived(TransportNodesAction.java:327) [elasticsearch-7.17.15.jar:7.17.15]
	at org.elasticsearch.transport.RequestHandlerRegistry.processMessageReceived(RequestHandlerRegistry.java:67) [elasticsearch-7.17.15.jar:7.17.15]
	at org.elasticsearch.transport.TransportService$6.doRun(TransportService.java:1045) [elasticsearch-7.17.15.jar:7.17.15]
	at org.elasticsearch.common.util.concurrent.ThreadContext$ContextPreservingAbstractRunnable.doRun(ThreadContext.java:777) [elasticsearch-7.17.15.jar:7.17.15]
	at org.elasticsearch.common.util.concurrent.AbstractRunnable.run(AbstractRunnable.java:26) [elasticsearch-7.17.15.jar:7.17.15]
	at java.util.concurrent.ThreadPoolExecutor.runWorker(Unknown Source) [?:?]
	at java.util.concurrent.ThreadPoolExecutor$Worker.run(Unknown Source) [?:?]
	at java.lang.Thread.run(Unknown Source) [?:?]
2025.11.20 08:36:01 WARN  es[][o.e.c.InternalClusterInfoService] failed to retrieve stats for node [H-vh3tNWQx2x0CdMTrSU8g]: [sonarqube][127.0.0.1:38875][cluster:monitor/nodes/stats[n]]
2025.11.20 08:36:31 WARN  es[][o.e.e.NodeEnvironment] lock assertion failed
java.nio.file.NoSuchFileException: /opt/sonarqube/data/es7/nodes/0/node.lock
	at sun.nio.fs.UnixException.translateToIOException(Unknown Source) ~[?:?]
	at sun.nio.fs.UnixException.rethrowAsIOException(Unknown Source) ~[?:?]
	at sun.nio.fs.UnixException.rethrowAsIOException(Unknown Source) ~[?:?]
	at sun.nio.fs.UnixFileAttributeViews$Basic.readAttributes(Unknown Source) ~[?:?]
	at sun.nio.fs.UnixFileSystemProvider.readAttributes(Unknown Source) ~[?:?]
	at sun.nio.fs.LinuxFileSystemProvider.readAttributes(Unknown Source) ~[?:?]
	at java.nio.file.Files.readAttributes(Unknown Source) ~[?:?]
	at org.apache.lucene.store.NativeFSLockFactory$NativeFSLock.ensureValid(NativeFSLockFactory.java:189) ~[lucene-core-8.11.1.jar:8.11.1 0b002b11819df70783e83ef36b42ed1223c14b50 - janhoy - 2021-12-14 13:46:43]
	at org.elasticsearch.env.NodeEnvironment.assertEnvIsLocked(NodeEnvironment.java:1105) [elasticsearch-7.17.15.jar:7.17.15]
	at org.elasticsearch.env.NodeEnvironment.dataPaths(NodeEnvironment.java:897) [elasticsearch-7.17.15.jar:7.17.15]
	at org.elasticsearch.monitor.fs.FsProbe.stats(FsProbe.java:45) [elasticsearch-7.17.15.jar:7.17.15]
	at org.elasticsearch.monitor.fs.FsService$FsInfoCache.refresh(FsService.java:93) [elasticsearch-7.17.15.jar:7.17.15]
	at org.elasticsearch.monitor.fs.FsService$FsInfoCache.refresh(FsService.java:79) [elasticsearch-7.17.15.jar:7.17.15]
	at org.elasticsearch.common.util.SingleObjectCache.getOrRefresh(SingleObjectCache.java:42) [elasticsearch-7.17.15.jar:7.17.15]
	at org.elasticsearch.monitor.fs.FsService.lambda$new$1(FsService.java:57) [elasticsearch-7.17.15.jar:7.17.15]
	at org.elasticsearch.monitor.fs.FsService.stats(FsService.java:67) [elasticsearch-7.17.15.jar:7.17.15]
	at org.elasticsearch.node.NodeService.stats(NodeService.java:154) [elasticsearch-7.17.15.jar:7.17.15]
	at org.elasticsearch.action.admin.cluster.node.stats.TransportNodesStatsAction.nodeOperation(TransportNodesStatsAction.java:87) [elasticsearch-7.17.15.jar:7.17.15]
	at org.elasticsearch.action.admin.cluster.node.stats.TransportNodesStatsAction.nodeOperation(TransportNodesStatsAction.java:80) [elasticsearch-7.17.15.jar:7.17.15]
	at org.elasticsearch.action.admin.cluster.node.stats.TransportNodesStatsAction.nodeOperation(TransportNodesStatsAction.java:32) [elasticsearch-7.17.15.jar:7.17.15]
	at org.elasticsearch.action.support.nodes.TransportNodesAction$NodeTransportHandler.messageReceived(TransportNodesAction.java:333) [elasticsearch-7.17.15.jar:7.17.15]
	at org.elasticsearch.action.support.nodes.TransportNodesAction$NodeTransportHandler.messageReceived(TransportNodesAction.java:327) [elasticsearch-7.17.15.jar:7.17.15]
	at org.elasticsearch.transport.RequestHandlerRegistry.processMessageReceived(RequestHandlerRegistry.java:67) [elasticsearch-7.17.15.jar:7.17.15]
	at org.elasticsearch.transport.TransportService$6.doRun(TransportService.java:1045) [elasticsearch-7.17.15.jar:7.17.15]
	at org.elasticsearch.common.util.concurrent.ThreadContext$ContextPreservingAbstractRunnable.doRun(ThreadContext.java:777) [elasticsearch-7.17.15.jar:7.17.15]
	at org.elasticsearch.common.util.concurrent.AbstractRunnable.run(AbstractRunnable.java:26) [elasticsearch-7.17.15.jar:7.17.15]
	at java.util.concurrent.ThreadPoolExecutor.runWorker(Unknown Source) [?:?]
	at java.util.concurrent.ThreadPoolExecutor$Worker.run(Unknown Source) [?:?]
	at java.lang.Thread.run(Unknown Source) [?:?]
2025.11.20 08:36:31 WARN  es[][o.e.c.InternalClusterInfoService] failed to retrieve stats for node [H-vh3tNWQx2x0CdMTrSU8g]: [sonarqube][127.0.0.1:38875][cluster:monitor/nodes/stats[n]]
2025.11.20 08:37:01 WARN  es[][o.e.e.NodeEnvironment] lock assertion failed
java.nio.file.NoSuchFileException: /opt/sonarqube/data/es7/nodes/0/node.lock
	at sun.nio.fs.UnixException.translateToIOException(Unknown Source) ~[?:?]
	at sun.nio.fs.UnixException.rethrowAsIOException(Unknown Source) ~[?:?]
	at sun.nio.fs.UnixException.rethrowAsIOException(Unknown Source) ~[?:?]
	at sun.nio.fs.UnixFileAttributeViews$Basic.readAttributes(Unknown Source) ~[?:?]
	at sun.nio.fs.UnixFileSystemProvider.readAttributes(Unknown Source) ~[?:?]
	at sun.nio.fs.LinuxFileSystemProvider.readAttributes(Unknown Source) ~[?:?]
	at java.nio.file.Files.readAttributes(Unknown Source) ~[?:?]
	at org.apache.lucene.store.NativeFSLockFactory$NativeFSLock.ensureValid(NativeFSLockFactory.java:189) ~[lucene-core-8.11.1.jar:8.11.1 0b002b11819df70783e83ef36b42ed1223c14b50 - janhoy - 2021-12-14 13:46:43]
	at org.elasticsearch.env.NodeEnvironment.assertEnvIsLocked(NodeEnvironment.java:1105) [elasticsearch-7.17.15.jar:7.17.15]
	at org.elasticsearch.env.NodeEnvironment.dataPaths(NodeEnvironment.java:897) [elasticsearch-7.17.15.jar:7.17.15]
	at org.elasticsearch.monitor.fs.FsProbe.stats(FsProbe.java:45) [elasticsearch-7.17.15.jar:7.17.15]
	at org.elasticsearch.monitor.fs.FsService$FsInfoCache.refresh(FsService.java:93) [elasticsearch-7.17.15.jar:7.17.15]
	at org.elasticsearch.monitor.fs.FsService$FsInfoCache.refresh(FsService.java:79) [elasticsearch-7.17.15.jar:7.17.15]
	at org.elasticsearch.common.util.SingleObjectCache.getOrRefresh(SingleObjectCache.java:42) [elasticsearch-7.17.15.jar:7.17.15]
	at org.elasticsearch.monitor.fs.FsService.lambda$new$1(FsService.java:57) [elasticsearch-7.17.15.jar:7.17.15]
	at org.elasticsearch.monitor.fs.FsService.stats(FsService.java:67) [elasticsearch-7.17.15.jar:7.17.15]
	at org.elasticsearch.node.NodeService.stats(NodeService.java:154) [elasticsearch-7.17.15.jar:7.17.15]
	at org.elasticsearch.action.admin.cluster.node.stats.TransportNodesStatsAction.nodeOperation(TransportNodesStatsAction.java:87) [elasticsearch-7.17.15.jar:7.17.15]
	at org.elasticsearch.action.admin.cluster.node.stats.TransportNodesStatsAction.nodeOperation(TransportNodesStatsAction.java:80) [elasticsearch-7.17.15.jar:7.17.15]
	at org.elasticsearch.action.admin.cluster.node.stats.TransportNodesStatsAction.nodeOperation(TransportNodesStatsAction.java:32) [elasticsearch-7.17.15.jar:7.17.15]
	at org.elasticsearch.action.support.nodes.TransportNodesAction$NodeTransportHandler.messageReceived(TransportNodesAction.java:333) [elasticsearch-7.17.15.jar:7.17.15]
	at org.elasticsearch.action.support.nodes.TransportNodesAction$NodeTransportHandler.messageReceived(TransportNodesAction.java:327) [elasticsearch-7.17.15.jar:7.17.15]
	at org.elasticsearch.transport.RequestHandlerRegistry.processMessageReceived(RequestHandlerRegistry.java:67) [elasticsearch-7.17.15.jar:7.17.15]
	at org.elasticsearch.transport.TransportService$6.doRun(TransportService.java:1045) [elasticsearch-7.17.15.jar:7.17.15]
	at org.elasticsearch.common.util.concurrent.ThreadContext$ContextPreservingAbstractRunnable.doRun(ThreadContext.java:777) [elasticsearch-7.17.15.jar:7.17.15]
	at org.elasticsearch.common.util.concurrent.AbstractRunnable.run(AbstractRunnable.java:26) [elasticsearch-7.17.15.jar:7.17.15]
	at java.util.concurrent.ThreadPoolExecutor.runWorker(Unknown Source) [?:?]
	at java.util.concurrent.ThreadPoolExecutor$Worker.run(Unknown Source) [?:?]
	at java.lang.Thread.run(Unknown Source) [?:?]
2025.11.20 08:37:01 WARN  es[][o.e.c.InternalClusterInfoService] failed to retrieve stats for node [H-vh3tNWQx2x0CdMTrSU8g]: [sonarqube][127.0.0.1:38875][cluster:monitor/nodes/stats[n]]
2025.11.20 08:37:31 WARN  es[][o.e.e.NodeEnvironment] lock assertion failed
java.nio.file.NoSuchFileException: /opt/sonarqube/data/es7/nodes/0/node.lock
	at sun.nio.fs.UnixException.translateToIOException(Unknown Source) ~[?:?]
	at sun.nio.fs.UnixException.rethrowAsIOException(Unknown Source) ~[?:?]
	at sun.nio.fs.UnixException.rethrowAsIOException(Unknown Source) ~[?:?]
	at sun.nio.fs.UnixFileAttributeViews$Basic.readAttributes(Unknown Source) ~[?:?]
	at sun.nio.fs.UnixFileSystemProvider.readAttributes(Unknown Source) ~[?:?]
	at sun.nio.fs.LinuxFileSystemProvider.readAttributes(Unknown Source) ~[?:?]
	at java.nio.file.Files.readAttributes(Unknown Source) ~[?:?]
	at org.apache.lucene.store.NativeFSLockFactory$NativeFSLock.ensureValid(NativeFSLockFactory.java:189) ~[lucene-core-8.11.1.jar:8.11.1 0b002b11819df70783e83ef36b42ed1223c14b50 - janhoy - 2021-12-14 13:46:43]
	at org.elasticsearch.env.NodeEnvironment.assertEnvIsLocked(NodeEnvironment.java:1105) [elasticsearch-7.17.15.jar:7.17.15]
	at org.elasticsearch.env.NodeEnvironment.dataPaths(NodeEnvironment.java:897) [elasticsearch-7.17.15.jar:7.17.15]
	at org.elasticsearch.monitor.fs.FsProbe.stats(FsProbe.java:45) [elasticsearch-7.17.15.jar:7.17.15]
	at org.elasticsearch.monitor.fs.FsService$FsInfoCache.refresh(FsService.java:93) [elasticsearch-7.17.15.jar:7.17.15]
	at org.elasticsearch.monitor.fs.FsService$FsInfoCache.refresh(FsService.java:79) [elasticsearch-7.17.15.jar:7.17.15]
	at org.elasticsearch.common.util.SingleObjectCache.getOrRefresh(SingleObjectCache.java:42) [elasticsearch-7.17.15.jar:7.17.15]
	at org.elasticsearch.monitor.fs.FsService.lambda$new$1(FsService.java:57) [elasticsearch-7.17.15.jar:7.17.15]
	at org.elasticsearch.monitor.fs.FsService.stats(FsService.java:67) [elasticsearch-7.17.15.jar:7.17.15]
	at org.elasticsearch.node.NodeService.stats(NodeService.java:154) [elasticsearch-7.17.15.jar:7.17.15]
	at org.elasticsearch.action.admin.cluster.node.stats.TransportNodesStatsAction.nodeOperation(TransportNodesStatsAction.java:87) [elasticsearch-7.17.15.jar:7.17.15]
	at org.elasticsearch.action.admin.cluster.node.stats.TransportNodesStatsAction.nodeOperation(TransportNodesStatsAction.java:80) [elasticsearch-7.17.15.jar:7.17.15]
	at org.elasticsearch.action.admin.cluster.node.stats.TransportNodesStatsAction.nodeOperation(TransportNodesStatsAction.java:32) [elasticsearch-7.17.15.jar:7.17.15]
	at org.elasticsearch.action.support.nodes.TransportNodesAction$NodeTransportHandler.messageReceived(TransportNodesAction.java:333) [elasticsearch-7.17.15.jar:7.17.15]
	at org.elasticsearch.action.support.nodes.TransportNodesAction$NodeTransportHandler.messageReceived(TransportNodesAction.java:327) [elasticsearch-7.17.15.jar:7.17.15]
	at org.elasticsearch.transport.RequestHandlerRegistry.processMessageReceived(RequestHandlerRegistry.java:67) [elasticsearch-7.17.15.jar:7.17.15]
	at org.elasticsearch.transport.TransportService$6.doRun(TransportService.java:1045) [elasticsearch-7.17.15.jar:7.17.15]
	at org.elasticsearch.common.util.concurrent.ThreadContext$ContextPreservingAbstractRunnable.doRun(ThreadContext.java:777) [elasticsearch-7.17.15.jar:7.17.15]
	at org.elasticsearch.common.util.concurrent.AbstractRunnable.run(AbstractRunnable.java:26) [elasticsearch-7.17.15.jar:7.17.15]
	at java.util.concurrent.ThreadPoolExecutor.runWorker(Unknown Source) [?:?]
	at java.util.concurrent.ThreadPoolExecutor$Worker.run(Unknown Source) [?:?]
	at java.lang.Thread.run(Unknown Source) [?:?]
2025.11.20 08:37:31 WARN  es[][o.e.c.InternalClusterInfoService] failed to retrieve stats for node [H-vh3tNWQx2x0CdMTrSU8g]: [sonarqube][127.0.0.1:38875][cluster:monitor/nodes/stats[n]]
2025.11.20 08:38:01 WARN  es[][o.e.e.NodeEnvironment] lock assertion failed
java.nio.file.NoSuchFileException: /opt/sonarqube/data/es7/nodes/0/node.lock
	at sun.nio.fs.UnixException.translateToIOException(Unknown Source) ~[?:?]
	at sun.nio.fs.UnixException.rethrowAsIOException(Unknown Source) ~[?:?]
	at sun.nio.fs.UnixException.rethrowAsIOException(Unknown Source) ~[?:?]
	at sun.nio.fs.UnixFileAttributeViews$Basic.readAttributes(Unknown Source) ~[?:?]
	at sun.nio.fs.UnixFileSystemProvider.readAttributes(Unknown Source) ~[?:?]
	at sun.nio.fs.LinuxFileSystemProvider.readAttributes(Unknown Source) ~[?:?]
	at java.nio.file.Files.readAttributes(Unknown Source) ~[?:?]
	at org.apache.lucene.store.NativeFSLockFactory$NativeFSLock.ensureValid(NativeFSLockFactory.java:189) ~[lucene-core-8.11.1.jar:8.11.1 0b002b11819df70783e83ef36b42ed1223c14b50 - janhoy - 2021-12-14 13:46:43]
	at org.elasticsearch.env.NodeEnvironment.assertEnvIsLocked(NodeEnvironment.java:1105) [elasticsearch-7.17.15.jar:7.17.15]
	at org.elasticsearch.env.NodeEnvironment.nodeDataPaths(NodeEnvironment.java:867) [elasticsearch-7.17.15.jar:7.17.15]
	at org.elasticsearch.monitor.fs.FsHealthService$FsHealthMonitor.monitorFSHealth(FsHealthService.java:156) [elasticsearch-7.17.15.jar:7.17.15]
	at org.elasticsearch.monitor.fs.FsHealthService$FsHealthMonitor.run(FsHealthService.java:144) [elasticsearch-7.17.15.jar:7.17.15]
	at org.elasticsearch.threadpool.Scheduler$ReschedulingRunnable.doRun(Scheduler.java:214) [elasticsearch-7.17.15.jar:7.17.15]
	at org.elasticsearch.common.util.concurrent.ThreadContext$ContextPreservingAbstractRunnable.doRun(ThreadContext.java:777) [elasticsearch-7.17.15.jar:7.17.15]
	at org.elasticsearch.common.util.concurrent.AbstractRunnable.run(AbstractRunnable.java:26) [elasticsearch-7.17.15.jar:7.17.15]
	at java.util.concurrent.ThreadPoolExecutor.runWorker(Unknown Source) [?:?]
	at java.util.concurrent.ThreadPoolExecutor$Worker.run(Unknown Source) [?:?]
	at java.lang.Thread.run(Unknown Source) [?:?]
2025.11.20 08:38:01 ERROR es[][o.e.m.f.FsHealthService] health check failed
java.lang.IllegalStateException: environment is not locked
	at org.elasticsearch.env.NodeEnvironment.assertEnvIsLocked(NodeEnvironment.java:1108) ~[elasticsearch-7.17.15.jar:7.17.15]
	at org.elasticsearch.env.NodeEnvironment.nodeDataPaths(NodeEnvironment.java:867) ~[elasticsearch-7.17.15.jar:7.17.15]
	at org.elasticsearch.monitor.fs.FsHealthService$FsHealthMonitor.monitorFSHealth(FsHealthService.java:156) [elasticsearch-7.17.15.jar:7.17.15]
	at org.elasticsearch.monitor.fs.FsHealthService$FsHealthMonitor.run(FsHealthService.java:144) [elasticsearch-7.17.15.jar:7.17.15]
	at org.elasticsearch.threadpool.Scheduler$ReschedulingRunnable.doRun(Scheduler.java:214) [elasticsearch-7.17.15.jar:7.17.15]
	at org.elasticsearch.common.util.concurrent.ThreadContext$ContextPreservingAbstractRunnable.doRun(ThreadContext.java:777) [elasticsearch-7.17.15.jar:7.17.15]
	at org.elasticsearch.common.util.concurrent.AbstractRunnable.run(AbstractRunnable.java:26) [elasticsearch-7.17.15.jar:7.17.15]
	at java.util.concurrent.ThreadPoolExecutor.runWorker(Unknown Source) [?:?]
	at java.util.concurrent.ThreadPoolExecutor$Worker.run(Unknown Source) [?:?]
	at java.lang.Thread.run(Unknown Source) [?:?]
Caused by: java.nio.file.NoSuchFileException: /opt/sonarqube/data/es7/nodes/0/node.lock
	at sun.nio.fs.UnixException.translateToIOException(Unknown Source) ~[?:?]
	at sun.nio.fs.UnixException.rethrowAsIOException(Unknown Source) ~[?:?]
	at sun.nio.fs.UnixException.rethrowAsIOException(Unknown Source) ~[?:?]
	at sun.nio.fs.UnixFileAttributeViews$Basic.readAttributes(Unknown Source) ~[?:?]
	at sun.nio.fs.UnixFileSystemProvider.readAttributes(Unknown Source) ~[?:?]
	at sun.nio.fs.LinuxFileSystemProvider.readAttributes(Unknown Source) ~[?:?]
	at java.nio.file.Files.readAttributes(Unknown Source) ~[?:?]
	at org.apache.lucene.store.NativeFSLockFactory$NativeFSLock.ensureValid(NativeFSLockFactory.java:189) ~[lucene-core-8.11.1.jar:8.11.1 0b002b11819df70783e83ef36b42ed1223c14b50 - janhoy - 2021-12-14 13:46:43]
	at org.elasticsearch.env.NodeEnvironment.assertEnvIsLocked(NodeEnvironment.java:1105) ~[elasticsearch-7.17.15.jar:7.17.15]
	... 9 more
2025.11.20 08:38:01 WARN  es[][o.e.e.NodeEnvironment] lock assertion failed
java.nio.file.NoSuchFileException: /opt/sonarqube/data/es7/nodes/0/node.lock
	at sun.nio.fs.UnixException.translateToIOException(Unknown Source) ~[?:?]
	at sun.nio.fs.UnixException.rethrowAsIOException(Unknown Source) ~[?:?]
	at sun.nio.fs.UnixException.rethrowAsIOException(Unknown Source) ~[?:?]
	at sun.nio.fs.UnixFileAttributeViews$Basic.readAttributes(Unknown Source) ~[?:?]
	at sun.nio.fs.UnixFileSystemProvider.readAttributes(Unknown Source) ~[?:?]
	at sun.nio.fs.LinuxFileSystemProvider.readAttributes(Unknown Source) ~[?:?]
	at java.nio.file.Files.readAttributes(Unknown Source) ~[?:?]
	at org.apache.lucene.store.NativeFSLockFactory$NativeFSLock.ensureValid(NativeFSLockFactory.java:189) ~[lucene-core-8.11.1.jar:8.11.1 0b002b11819df70783e83ef36b42ed1223c14b50 - janhoy - 2021-12-14 13:46:43]
	at org.elasticsearch.env.NodeEnvironment.assertEnvIsLocked(NodeEnvironment.java:1105) [elasticsearch-7.17.15.jar:7.17.15]
	at org.elasticsearch.env.NodeEnvironment.dataPaths(NodeEnvironment.java:897) [elasticsearch-7.17.15.jar:7.17.15]
	at org.elasticsearch.monitor.fs.FsProbe.stats(FsProbe.java:45) [elasticsearch-7.17.15.jar:7.17.15]
	at org.elasticsearch.monitor.fs.FsService$FsInfoCache.refresh(FsService.java:93) [elasticsearch-7.17.15.jar:7.17.15]
	at org.elasticsearch.monitor.fs.FsService$FsInfoCache.refresh(FsService.java:79) [elasticsearch-7.17.15.jar:7.17.15]
	at org.elasticsearch.common.util.SingleObjectCache.getOrRefresh(SingleObjectCache.java:42) [elasticsearch-7.17.15.jar:7.17.15]
	at org.elasticsearch.monitor.fs.FsService.lambda$new$1(FsService.java:57) [elasticsearch-7.17.15.jar:7.17.15]
	at org.elasticsearch.monitor.fs.FsService.stats(FsService.java:67) [elasticsearch-7.17.15.jar:7.17.15]
	at org.elasticsearch.node.NodeService.stats(NodeService.java:154) [elasticsearch-7.17.15.jar:7.17.15]
	at org.elasticsearch.action.admin.cluster.node.stats.TransportNodesStatsAction.nodeOperation(TransportNodesStatsAction.java:87) [elasticsearch-7.17.15.jar:7.17.15]
	at org.elasticsearch.action.admin.cluster.node.stats.TransportNodesStatsAction.nodeOperation(TransportNodesStatsAction.java:80) [elasticsearch-7.17.15.jar:7.17.15]
	at org.elasticsearch.action.admin.cluster.node.stats.TransportNodesStatsAction.nodeOperation(TransportNodesStatsAction.java:32) [elasticsearch-7.17.15.jar:7.17.15]
	at org.elasticsearch.action.support.nodes.TransportNodesAction$NodeTransportHandler.messageReceived(TransportNodesAction.java:333) [elasticsearch-7.17.15.jar:7.17.15]
	at org.elasticsearch.action.support.nodes.TransportNodesAction$NodeTransportHandler.messageReceived(TransportNodesAction.java:327) [elasticsearch-7.17.15.jar:7.17.15]
	at org.elasticsearch.transport.RequestHandlerRegistry.processMessageReceived(RequestHandlerRegistry.java:67) [elasticsearch-7.17.15.jar:7.17.15]
	at org.elasticsearch.transport.TransportService$6.doRun(TransportService.java:1045) [elasticsearch-7.17.15.jar:7.17.15]
	at org.elasticsearch.common.util.concurrent.ThreadContext$ContextPreservingAbstractRunnable.doRun(ThreadContext.java:777) [elasticsearch-7.17.15.jar:7.17.15]
	at org.elasticsearch.common.util.concurrent.AbstractRunnable.run(AbstractRunnable.java:26) [elasticsearch-7.17.15.jar:7.17.15]
	at java.util.concurrent.ThreadPoolExecutor.runWorker(Unknown Source) [?:?]
	at java.util.concurrent.ThreadPoolExecutor$Worker.run(Unknown Source) [?:?]
	at java.lang.Thread.run(Unknown Source) [?:?]
2025.11.20 08:38:01 WARN  es[][o.e.c.InternalClusterInfoService] failed to retrieve stats for node [H-vh3tNWQx2x0CdMTrSU8g]: [sonarqube][127.0.0.1:38875][cluster:monitor/nodes/stats[n]]
2025.11.20 08:38:31 WARN  es[][o.e.e.NodeEnvironment] lock assertion failed
java.nio.file.NoSuchFileException: /opt/sonarqube/data/es7/nodes/0/node.lock
	at sun.nio.fs.UnixException.translateToIOException(Unknown Source) ~[?:?]
	at sun.nio.fs.UnixException.rethrowAsIOException(Unknown Source) ~[?:?]
	at sun.nio.fs.UnixException.rethrowAsIOException(Unknown Source) ~[?:?]
	at sun.nio.fs.UnixFileAttributeViews$Basic.readAttributes(Unknown Source) ~[?:?]
	at sun.nio.fs.UnixFileSystemProvider.readAttributes(Unknown Source) ~[?:?]
	at sun.nio.fs.LinuxFileSystemProvider.readAttributes(Unknown Source) ~[?:?]
	at java.nio.file.Files.readAttributes(Unknown Source) ~[?:?]
	at org.apache.lucene.store.NativeFSLockFactory$NativeFSLock.ensureValid(NativeFSLockFactory.java:189) ~[lucene-core-8.11.1.jar:8.11.1 0b002b11819df70783e83ef36b42ed1223c14b50 - janhoy - 2021-12-14 13:46:43]
	at org.elasticsearch.env.NodeEnvironment.assertEnvIsLocked(NodeEnvironment.java:1105) [elasticsearch-7.17.15.jar:7.17.15]
	at org.elasticsearch.env.NodeEnvironment.dataPaths(NodeEnvironment.java:897) [elasticsearch-7.17.15.jar:7.17.15]
	at org.elasticsearch.monitor.fs.FsProbe.stats(FsProbe.java:45) [elasticsearch-7.17.15.jar:7.17.15]
	at org.elasticsearch.monitor.fs.FsService$FsInfoCache.refresh(FsService.java:93) [elasticsearch-7.17.15.jar:7.17.15]
	at org.elasticsearch.monitor.fs.FsService$FsInfoCache.refresh(FsService.java:79) [elasticsearch-7.17.15.jar:7.17.15]
	at org.elasticsearch.common.util.SingleObjectCache.getOrRefresh(SingleObjectCache.java:42) [elasticsearch-7.17.15.jar:7.17.15]
	at org.elasticsearch.monitor.fs.FsService.lambda$new$1(FsService.java:57) [elasticsearch-7.17.15.jar:7.17.15]
	at org.elasticsearch.monitor.fs.FsService.stats(FsService.java:67) [elasticsearch-7.17.15.jar:7.17.15]
	at org.elasticsearch.node.NodeService.stats(NodeService.java:154) [elasticsearch-7.17.15.jar:7.17.15]
	at org.elasticsearch.action.admin.cluster.node.stats.TransportNodesStatsAction.nodeOperation(TransportNodesStatsAction.java:87) [elasticsearch-7.17.15.jar:7.17.15]
	at org.elasticsearch.action.admin.cluster.node.stats.TransportNodesStatsAction.nodeOperation(TransportNodesStatsAction.java:80) [elasticsearch-7.17.15.jar:7.17.15]
	at org.elasticsearch.action.admin.cluster.node.stats.TransportNodesStatsAction.nodeOperation(TransportNodesStatsAction.java:32) [elasticsearch-7.17.15.jar:7.17.15]
	at org.elasticsearch.action.support.nodes.TransportNodesAction$NodeTransportHandler.messageReceived(TransportNodesAction.java:333) [elasticsearch-7.17.15.jar:7.17.15]
	at org.elasticsearch.action.support.nodes.TransportNodesAction$NodeTransportHandler.messageReceived(TransportNodesAction.java:327) [elasticsearch-7.17.15.jar:7.17.15]
	at org.elasticsearch.transport.RequestHandlerRegistry.processMessageReceived(RequestHandlerRegistry.java:67) [elasticsearch-7.17.15.jar:7.17.15]
	at org.elasticsearch.transport.TransportService$6.doRun(TransportService.java:1045) [elasticsearch-7.17.15.jar:7.17.15]
	at org.elasticsearch.common.util.concurrent.ThreadContext$ContextPreservingAbstractRunnable.doRun(ThreadContext.java:777) [elasticsearch-7.17.15.jar:7.17.15]
	at org.elasticsearch.common.util.concurrent.AbstractRunnable.run(AbstractRunnable.java:26) [elasticsearch-7.17.15.jar:7.17.15]
	at java.util.concurrent.ThreadPoolExecutor.runWorker(Unknown Source) [?:?]
	at java.util.concurrent.ThreadPoolExecutor$Worker.run(Unknown Source) [?:?]
	at java.lang.Thread.run(Unknown Source) [?:?]
2025.11.20 08:38:31 WARN  es[][o.e.c.InternalClusterInfoService] failed to retrieve stats for node [H-vh3tNWQx2x0CdMTrSU8g]: [sonarqube][127.0.0.1:38875][cluster:monitor/nodes/stats[n]]
2025.11.20 08:39:01 WARN  es[][o.e.e.NodeEnvironment] lock assertion failed
java.nio.file.NoSuchFileException: /opt/sonarqube/data/es7/nodes/0/node.lock
	at sun.nio.fs.UnixException.translateToIOException(Unknown Source) ~[?:?]
	at sun.nio.fs.UnixException.rethrowAsIOException(Unknown Source) ~[?:?]
	at sun.nio.fs.UnixException.rethrowAsIOException(Unknown Source) ~[?:?]
	at sun.nio.fs.UnixFileAttributeViews$Basic.readAttributes(Unknown Source) ~[?:?]
	at sun.nio.fs.UnixFileSystemProvider.readAttributes(Unknown Source) ~[?:?]
	at sun.nio.fs.LinuxFileSystemProvider.readAttributes(Unknown Source) ~[?:?]
	at java.nio.file.Files.readAttributes(Unknown Source) ~[?:?]
	at org.apache.lucene.store.NativeFSLockFactory$NativeFSLock.ensureValid(NativeFSLockFactory.java:189) ~[lucene-core-8.11.1.jar:8.11.1 0b002b11819df70783e83ef36b42ed1223c14b50 - janhoy - 2021-12-14 13:46:43]
	at org.elasticsearch.env.NodeEnvironment.assertEnvIsLocked(NodeEnvironment.java:1105) [elasticsearch-7.17.15.jar:7.17.15]
	at org.elasticsearch.env.NodeEnvironment.dataPaths(NodeEnvironment.java:897) [elasticsearch-7.17.15.jar:7.17.15]
	at org.elasticsearch.monitor.fs.FsProbe.stats(FsProbe.java:45) [elasticsearch-7.17.15.jar:7.17.15]
	at org.elasticsearch.monitor.fs.FsService$FsInfoCache.refresh(FsService.java:93) [elasticsearch-7.17.15.jar:7.17.15]
	at org.elasticsearch.monitor.fs.FsService$FsInfoCache.refresh(FsService.java:79) [elasticsearch-7.17.15.jar:7.17.15]
	at org.elasticsearch.common.util.SingleObjectCache.getOrRefresh(SingleObjectCache.java:42) [elasticsearch-7.17.15.jar:7.17.15]
	at org.elasticsearch.monitor.fs.FsService.lambda$new$1(FsService.java:57) [elasticsearch-7.17.15.jar:7.17.15]
	at org.elasticsearch.monitor.fs.FsService.stats(FsService.java:67) [elasticsearch-7.17.15.jar:7.17.15]
	at org.elasticsearch.node.NodeService.stats(NodeService.java:154) [elasticsearch-7.17.15.jar:7.17.15]
	at org.elasticsearch.action.admin.cluster.node.stats.TransportNodesStatsAction.nodeOperation(TransportNodesStatsAction.java:87) [elasticsearch-7.17.15.jar:7.17.15]
	at org.elasticsearch.action.admin.cluster.node.stats.TransportNodesStatsAction.nodeOperation(TransportNodesStatsAction.java:80) [elasticsearch-7.17.15.jar:7.17.15]
	at org.elasticsearch.action.admin.cluster.node.stats.TransportNodesStatsAction.nodeOperation(TransportNodesStatsAction.java:32) [elasticsearch-7.17.15.jar:7.17.15]
	at org.elasticsearch.action.support.nodes.TransportNodesAction$NodeTransportHandler.messageReceived(TransportNodesAction.java:333) [elasticsearch-7.17.15.jar:7.17.15]
	at org.elasticsearch.action.support.nodes.TransportNodesAction$NodeTransportHandler.messageReceived(TransportNodesAction.java:327) [elasticsearch-7.17.15.jar:7.17.15]
	at org.elasticsearch.transport.RequestHandlerRegistry.processMessageReceived(RequestHandlerRegistry.java:67) [elasticsearch-7.17.15.jar:7.17.15]
	at org.elasticsearch.transport.TransportService$6.doRun(TransportService.java:1045) [elasticsearch-7.17.15.jar:7.17.15]
	at org.elasticsearch.common.util.concurrent.ThreadContext$ContextPreservingAbstractRunnable.doRun(ThreadContext.java:777) [elasticsearch-7.17.15.jar:7.17.15]
	at org.elasticsearch.common.util.concurrent.AbstractRunnable.run(AbstractRunnable.java:26) [elasticsearch-7.17.15.jar:7.17.15]
	at java.util.concurrent.ThreadPoolExecutor.runWorker(Unknown Source) [?:?]
	at java.util.concurrent.ThreadPoolExecutor$Worker.run(Unknown Source) [?:?]
	at java.lang.Thread.run(Unknown Source) [?:?]
2025.11.20 08:39:01 WARN  es[][o.e.c.InternalClusterInfoService] failed to retrieve stats for node [H-vh3tNWQx2x0CdMTrSU8g]: [sonarqube][127.0.0.1:38875][cluster:monitor/nodes/stats[n]]
2025.11.20 08:39:31 WARN  es[][o.e.e.NodeEnvironment] lock assertion failed
java.nio.file.NoSuchFileException: /opt/sonarqube/data/es7/nodes/0/node.lock
	at sun.nio.fs.UnixException.translateToIOException(Unknown Source) ~[?:?]
	at sun.nio.fs.UnixException.rethrowAsIOException(Unknown Source) ~[?:?]
	at sun.nio.fs.UnixException.rethrowAsIOException(Unknown Source) ~[?:?]
	at sun.nio.fs.UnixFileAttributeViews$Basic.readAttributes(Unknown Source) ~[?:?]
	at sun.nio.fs.UnixFileSystemProvider.readAttributes(Unknown Source) ~[?:?]
	at sun.nio.fs.LinuxFileSystemProvider.readAttributes(Unknown Source) ~[?:?]
	at java.nio.file.Files.readAttributes(Unknown Source) ~[?:?]
	at org.apache.lucene.store.NativeFSLockFactory$NativeFSLock.ensureValid(NativeFSLockFactory.java:189) ~[lucene-core-8.11.1.jar:8.11.1 0b002b11819df70783e83ef36b42ed1223c14b50 - janhoy - 2021-12-14 13:46:43]
	at org.elasticsearch.env.NodeEnvironment.assertEnvIsLocked(NodeEnvironment.java:1105) [elasticsearch-7.17.15.jar:7.17.15]
	at org.elasticsearch.env.NodeEnvironment.dataPaths(NodeEnvironment.java:897) [elasticsearch-7.17.15.jar:7.17.15]
	at org.elasticsearch.monitor.fs.FsProbe.stats(FsProbe.java:45) [elasticsearch-7.17.15.jar:7.17.15]
	at org.elasticsearch.monitor.fs.FsService$FsInfoCache.refresh(FsService.java:93) [elasticsearch-7.17.15.jar:7.17.15]
	at org.elasticsearch.monitor.fs.FsService$FsInfoCache.refresh(FsService.java:79) [elasticsearch-7.17.15.jar:7.17.15]
	at org.elasticsearch.common.util.SingleObjectCache.getOrRefresh(SingleObjectCache.java:42) [elasticsearch-7.17.15.jar:7.17.15]
	at org.elasticsearch.monitor.fs.FsService.lambda$new$1(FsService.java:57) [elasticsearch-7.17.15.jar:7.17.15]
	at org.elasticsearch.monitor.fs.FsService.stats(FsService.java:67) [elasticsearch-7.17.15.jar:7.17.15]
	at org.elasticsearch.node.NodeService.stats(NodeService.java:154) [elasticsearch-7.17.15.jar:7.17.15]
	at org.elasticsearch.action.admin.cluster.node.stats.TransportNodesStatsAction.nodeOperation(TransportNodesStatsAction.java:87) [elasticsearch-7.17.15.jar:7.17.15]
	at org.elasticsearch.action.admin.cluster.node.stats.TransportNodesStatsAction.nodeOperation(TransportNodesStatsAction.java:80) [elasticsearch-7.17.15.jar:7.17.15]
	at org.elasticsearch.action.admin.cluster.node.stats.TransportNodesStatsAction.nodeOperation(TransportNodesStatsAction.java:32) [elasticsearch-7.17.15.jar:7.17.15]
	at org.elasticsearch.action.support.nodes.TransportNodesAction$NodeTransportHandler.messageReceived(TransportNodesAction.java:333) [elasticsearch-7.17.15.jar:7.17.15]
	at org.elasticsearch.action.support.nodes.TransportNodesAction$NodeTransportHandler.messageReceived(TransportNodesAction.java:327) [elasticsearch-7.17.15.jar:7.17.15]
	at org.elasticsearch.transport.RequestHandlerRegistry.processMessageReceived(RequestHandlerRegistry.java:67) [elasticsearch-7.17.15.jar:7.17.15]
	at org.elasticsearch.transport.TransportService$6.doRun(TransportService.java:1045) [elasticsearch-7.17.15.jar:7.17.15]
	at org.elasticsearch.common.util.concurrent.ThreadContext$ContextPreservingAbstractRunnable.doRun(ThreadContext.java:777) [elasticsearch-7.17.15.jar:7.17.15]
	at org.elasticsearch.common.util.concurrent.AbstractRunnable.run(AbstractRunnable.java:26) [elasticsearch-7.17.15.jar:7.17.15]
	at java.util.concurrent.ThreadPoolExecutor.runWorker(Unknown Source) [?:?]
	at java.util.concurrent.ThreadPoolExecutor$Worker.run(Unknown Source) [?:?]
	at java.lang.Thread.run(Unknown Source) [?:?]
2025.11.20 08:39:31 WARN  es[][o.e.c.InternalClusterInfoService] failed to retrieve stats for node [H-vh3tNWQx2x0CdMTrSU8g]: [sonarqube][127.0.0.1:38875][cluster:monitor/nodes/stats[n]]
2025.11.20 08:40:01 WARN  es[][o.e.e.NodeEnvironment] lock assertion failed
java.nio.file.NoSuchFileException: /opt/sonarqube/data/es7/nodes/0/node.lock
	at sun.nio.fs.UnixException.translateToIOException(Unknown Source) ~[?:?]
	at sun.nio.fs.UnixException.rethrowAsIOException(Unknown Source) ~[?:?]
	at sun.nio.fs.UnixException.rethrowAsIOException(Unknown Source) ~[?:?]
	at sun.nio.fs.UnixFileAttributeViews$Basic.readAttributes(Unknown Source) ~[?:?]
	at sun.nio.fs.UnixFileSystemProvider.readAttributes(Unknown Source) ~[?:?]
	at sun.nio.fs.LinuxFileSystemProvider.readAttributes(Unknown Source) ~[?:?]
	at java.nio.file.Files.readAttributes(Unknown Source) ~[?:?]
	at org.apache.lucene.store.NativeFSLockFactory$NativeFSLock.ensureValid(NativeFSLockFactory.java:189) ~[lucene-core-8.11.1.jar:8.11.1 0b002b11819df70783e83ef36b42ed1223c14b50 - janhoy - 2021-12-14 13:46:43]
	at org.elasticsearch.env.NodeEnvironment.assertEnvIsLocked(NodeEnvironment.java:1105) [elasticsearch-7.17.15.jar:7.17.15]
	at org.elasticsearch.env.NodeEnvironment.nodeDataPaths(NodeEnvironment.java:867) [elasticsearch-7.17.15.jar:7.17.15]
	at org.elasticsearch.monitor.fs.FsHealthService$FsHealthMonitor.monitorFSHealth(FsHealthService.java:156) [elasticsearch-7.17.15.jar:7.17.15]
	at org.elasticsearch.monitor.fs.FsHealthService$FsHealthMonitor.run(FsHealthService.java:144) [elasticsearch-7.17.15.jar:7.17.15]
	at org.elasticsearch.threadpool.Scheduler$ReschedulingRunnable.doRun(Scheduler.java:214) [elasticsearch-7.17.15.jar:7.17.15]
	at org.elasticsearch.common.util.concurrent.ThreadContext$ContextPreservingAbstractRunnable.doRun(ThreadContext.java:777) [elasticsearch-7.17.15.jar:7.17.15]
	at org.elasticsearch.common.util.concurrent.AbstractRunnable.run(AbstractRunnable.java:26) [elasticsearch-7.17.15.jar:7.17.15]
	at java.util.concurrent.ThreadPoolExecutor.runWorker(Unknown Source) [?:?]
	at java.util.concurrent.ThreadPoolExecutor$Worker.run(Unknown Source) [?:?]
	at java.lang.Thread.run(Unknown Source) [?:?]
2025.11.20 08:40:01 ERROR es[][o.e.m.f.FsHealthService] health check failed
java.lang.IllegalStateException: environment is not locked
	at org.elasticsearch.env.NodeEnvironment.assertEnvIsLocked(NodeEnvironment.java:1108) ~[elasticsearch-7.17.15.jar:7.17.15]
	at org.elasticsearch.env.NodeEnvironment.nodeDataPaths(NodeEnvironment.java:867) ~[elasticsearch-7.17.15.jar:7.17.15]
	at org.elasticsearch.monitor.fs.FsHealthService$FsHealthMonitor.monitorFSHealth(FsHealthService.java:156) [elasticsearch-7.17.15.jar:7.17.15]
	at org.elasticsearch.monitor.fs.FsHealthService$FsHealthMonitor.run(FsHealthService.java:144) [elasticsearch-7.17.15.jar:7.17.15]
	at org.elasticsearch.threadpool.Scheduler$ReschedulingRunnable.doRun(Scheduler.java:214) [elasticsearch-7.17.15.jar:7.17.15]
	at org.elasticsearch.common.util.concurrent.ThreadContext$ContextPreservingAbstractRunnable.doRun(ThreadContext.java:777) [elasticsearch-7.17.15.jar:7.17.15]
	at org.elasticsearch.common.util.concurrent.AbstractRunnable.run(AbstractRunnable.java:26) [elasticsearch-7.17.15.jar:7.17.15]
	at java.util.concurrent.ThreadPoolExecutor.runWorker(Unknown Source) [?:?]
	at java.util.concurrent.ThreadPoolExecutor$Worker.run(Unknown Source) [?:?]
	at java.lang.Thread.run(Unknown Source) [?:?]
Caused by: java.nio.file.NoSuchFileException: /opt/sonarqube/data/es7/nodes/0/node.lock
	at sun.nio.fs.UnixException.translateToIOException(Unknown Source) ~[?:?]
	at sun.nio.fs.UnixException.rethrowAsIOException(Unknown Source) ~[?:?]
	at sun.nio.fs.UnixException.rethrowAsIOException(Unknown Source) ~[?:?]
	at sun.nio.fs.UnixFileAttributeViews$Basic.readAttributes(Unknown Source) ~[?:?]
	at sun.nio.fs.UnixFileSystemProvider.readAttributes(Unknown Source) ~[?:?]
	at sun.nio.fs.LinuxFileSystemProvider.readAttributes(Unknown Source) ~[?:?]
	at java.nio.file.Files.readAttributes(Unknown Source) ~[?:?]
	at org.apache.lucene.store.NativeFSLockFactory$NativeFSLock.ensureValid(NativeFSLockFactory.java:189) ~[lucene-core-8.11.1.jar:8.11.1 0b002b11819df70783e83ef36b42ed1223c14b50 - janhoy - 2021-12-14 13:46:43]
	at org.elasticsearch.env.NodeEnvironment.assertEnvIsLocked(NodeEnvironment.java:1105) ~[elasticsearch-7.17.15.jar:7.17.15]
	... 9 more
2025.11.20 08:40:01 WARN  es[][o.e.e.NodeEnvironment] lock assertion failed
java.nio.file.NoSuchFileException: /opt/sonarqube/data/es7/nodes/0/node.lock
	at sun.nio.fs.UnixException.translateToIOException(Unknown Source) ~[?:?]
	at sun.nio.fs.UnixException.rethrowAsIOException(Unknown Source) ~[?:?]
	at sun.nio.fs.UnixException.rethrowAsIOException(Unknown Source) ~[?:?]
	at sun.nio.fs.UnixFileAttributeViews$Basic.readAttributes(Unknown Source) ~[?:?]
	at sun.nio.fs.UnixFileSystemProvider.readAttributes(Unknown Source) ~[?:?]
	at sun.nio.fs.LinuxFileSystemProvider.readAttributes(Unknown Source) ~[?:?]
	at java.nio.file.Files.readAttributes(Unknown Source) ~[?:?]
	at org.apache.lucene.store.NativeFSLockFactory$NativeFSLock.ensureValid(NativeFSLockFactory.java:189) ~[lucene-core-8.11.1.jar:8.11.1 0b002b11819df70783e83ef36b42ed1223c14b50 - janhoy - 2021-12-14 13:46:43]
	at org.elasticsearch.env.NodeEnvironment.assertEnvIsLocked(NodeEnvironment.java:1105) [elasticsearch-7.17.15.jar:7.17.15]
	at org.elasticsearch.env.NodeEnvironment.dataPaths(NodeEnvironment.java:897) [elasticsearch-7.17.15.jar:7.17.15]
	at org.elasticsearch.monitor.fs.FsProbe.stats(FsProbe.java:45) [elasticsearch-7.17.15.jar:7.17.15]
	at org.elasticsearch.monitor.fs.FsService$FsInfoCache.refresh(FsService.java:93) [elasticsearch-7.17.15.jar:7.17.15]
	at org.elasticsearch.monitor.fs.FsService$FsInfoCache.refresh(FsService.java:79) [elasticsearch-7.17.15.jar:7.17.15]
	at org.elasticsearch.common.util.SingleObjectCache.getOrRefresh(SingleObjectCache.java:42) [elasticsearch-7.17.15.jar:7.17.15]
	at org.elasticsearch.monitor.fs.FsService.lambda$new$1(FsService.java:57) [elasticsearch-7.17.15.jar:7.17.15]
	at org.elasticsearch.monitor.fs.FsService.stats(FsService.java:67) [elasticsearch-7.17.15.jar:7.17.15]
	at org.elasticsearch.node.NodeService.stats(NodeService.java:154) [elasticsearch-7.17.15.jar:7.17.15]
	at org.elasticsearch.action.admin.cluster.node.stats.TransportNodesStatsAction.nodeOperation(TransportNodesStatsAction.java:87) [elasticsearch-7.17.15.jar:7.17.15]
	at org.elasticsearch.action.admin.cluster.node.stats.TransportNodesStatsAction.nodeOperation(TransportNodesStatsAction.java:80) [elasticsearch-7.17.15.jar:7.17.15]
	at org.elasticsearch.action.admin.cluster.node.stats.TransportNodesStatsAction.nodeOperation(TransportNodesStatsAction.java:32) [elasticsearch-7.17.15.jar:7.17.15]
	at org.elasticsearch.action.support.nodes.TransportNodesAction$NodeTransportHandler.messageReceived(TransportNodesAction.java:333) [elasticsearch-7.17.15.jar:7.17.15]
	at org.elasticsearch.action.support.nodes.TransportNodesAction$NodeTransportHandler.messageReceived(TransportNodesAction.java:327) [elasticsearch-7.17.15.jar:7.17.15]
	at org.elasticsearch.transport.RequestHandlerRegistry.processMessageReceived(RequestHandlerRegistry.java:67) [elasticsearch-7.17.15.jar:7.17.15]
	at org.elasticsearch.transport.TransportService$6.doRun(TransportService.java:1045) [elasticsearch-7.17.15.jar:7.17.15]
	at org.elasticsearch.common.util.concurrent.ThreadContext$ContextPreservingAbstractRunnable.doRun(ThreadContext.java:777) [elasticsearch-7.17.15.jar:7.17.15]
	at org.elasticsearch.common.util.concurrent.AbstractRunnable.run(AbstractRunnable.java:26) [elasticsearch-7.17.15.jar:7.17.15]
	at java.util.concurrent.ThreadPoolExecutor.runWorker(Unknown Source) [?:?]
	at java.util.concurrent.ThreadPoolExecutor$Worker.run(Unknown Source) [?:?]
	at java.lang.Thread.run(Unknown Source) [?:?]
2025.11.20 08:40:01 WARN  es[][o.e.c.InternalClusterInfoService] failed to retrieve stats for node [H-vh3tNWQx2x0CdMTrSU8g]: [sonarqube][127.0.0.1:38875][cluster:monitor/nodes/stats[n]]
2025.11.20 08:40:31 WARN  es[][o.e.e.NodeEnvironment] lock assertion failed
java.nio.file.NoSuchFileException: /opt/sonarqube/data/es7/nodes/0/node.lock
	at sun.nio.fs.UnixException.translateToIOException(Unknown Source) ~[?:?]
	at sun.nio.fs.UnixException.rethrowAsIOException(Unknown Source) ~[?:?]
	at sun.nio.fs.UnixException.rethrowAsIOException(Unknown Source) ~[?:?]
	at sun.nio.fs.UnixFileAttributeViews$Basic.readAttributes(Unknown Source) ~[?:?]
	at sun.nio.fs.UnixFileSystemProvider.readAttributes(Unknown Source) ~[?:?]
	at sun.nio.fs.LinuxFileSystemProvider.readAttributes(Unknown Source) ~[?:?]
	at java.nio.file.Files.readAttributes(Unknown Source) ~[?:?]
	at org.apache.lucene.store.NativeFSLockFactory$NativeFSLock.ensureValid(NativeFSLockFactory.java:189) ~[lucene-core-8.11.1.jar:8.11.1 0b002b11819df70783e83ef36b42ed1223c14b50 - janhoy - 2021-12-14 13:46:43]
	at org.elasticsearch.env.NodeEnvironment.assertEnvIsLocked(NodeEnvironment.java:1105) [elasticsearch-7.17.15.jar:7.17.15]
	at org.elasticsearch.env.NodeEnvironment.dataPaths(NodeEnvironment.java:897) [elasticsearch-7.17.15.jar:7.17.15]
	at org.elasticsearch.monitor.fs.FsProbe.stats(FsProbe.java:45) [elasticsearch-7.17.15.jar:7.17.15]
	at org.elasticsearch.monitor.fs.FsService$FsInfoCache.refresh(FsService.java:93) [elasticsearch-7.17.15.jar:7.17.15]
	at org.elasticsearch.monitor.fs.FsService$FsInfoCache.refresh(FsService.java:79) [elasticsearch-7.17.15.jar:7.17.15]
	at org.elasticsearch.common.util.SingleObjectCache.getOrRefresh(SingleObjectCache.java:42) [elasticsearch-7.17.15.jar:7.17.15]
	at org.elasticsearch.monitor.fs.FsService.lambda$new$1(FsService.java:57) [elasticsearch-7.17.15.jar:7.17.15]
	at org.elasticsearch.monitor.fs.FsService.stats(FsService.java:67) [elasticsearch-7.17.15.jar:7.17.15]
	at org.elasticsearch.node.NodeService.stats(NodeService.java:154) [elasticsearch-7.17.15.jar:7.17.15]
	at org.elasticsearch.action.admin.cluster.node.stats.TransportNodesStatsAction.nodeOperation(TransportNodesStatsAction.java:87) [elasticsearch-7.17.15.jar:7.17.15]
	at org.elasticsearch.action.admin.cluster.node.stats.TransportNodesStatsAction.nodeOperation(TransportNodesStatsAction.java:80) [elasticsearch-7.17.15.jar:7.17.15]
	at org.elasticsearch.action.admin.cluster.node.stats.TransportNodesStatsAction.nodeOperation(TransportNodesStatsAction.java:32) [elasticsearch-7.17.15.jar:7.17.15]
	at org.elasticsearch.action.support.nodes.TransportNodesAction$NodeTransportHandler.messageReceived(TransportNodesAction.java:333) [elasticsearch-7.17.15.jar:7.17.15]
	at org.elasticsearch.action.support.nodes.TransportNodesAction$NodeTransportHandler.messageReceived(TransportNodesAction.java:327) [elasticsearch-7.17.15.jar:7.17.15]
	at org.elasticsearch.transport.RequestHandlerRegistry.processMessageReceived(RequestHandlerRegistry.java:67) [elasticsearch-7.17.15.jar:7.17.15]
	at org.elasticsearch.transport.TransportService$6.doRun(TransportService.java:1045) [elasticsearch-7.17.15.jar:7.17.15]
	at org.elasticsearch.common.util.concurrent.ThreadContext$ContextPreservingAbstractRunnable.doRun(ThreadContext.java:777) [elasticsearch-7.17.15.jar:7.17.15]
	at org.elasticsearch.common.util.concurrent.AbstractRunnable.run(AbstractRunnable.java:26) [elasticsearch-7.17.15.jar:7.17.15]
	at java.util.concurrent.ThreadPoolExecutor.runWorker(Unknown Source) [?:?]
	at java.util.concurrent.ThreadPoolExecutor$Worker.run(Unknown Source) [?:?]
	at java.lang.Thread.run(Unknown Source) [?:?]
2025.11.20 08:40:31 WARN  es[][o.e.c.InternalClusterInfoService] failed to retrieve stats for node [H-vh3tNWQx2x0CdMTrSU8g]: [sonarqube][127.0.0.1:38875][cluster:monitor/nodes/stats[n]]
2025.11.20 08:41:01 WARN  es[][o.e.e.NodeEnvironment] lock assertion failed
java.nio.file.NoSuchFileException: /opt/sonarqube/data/es7/nodes/0/node.lock
	at sun.nio.fs.UnixException.translateToIOException(Unknown Source) ~[?:?]
	at sun.nio.fs.UnixException.rethrowAsIOException(Unknown Source) ~[?:?]
	at sun.nio.fs.UnixException.rethrowAsIOException(Unknown Source) ~[?:?]
	at sun.nio.fs.UnixFileAttributeViews$Basic.readAttributes(Unknown Source) ~[?:?]
	at sun.nio.fs.UnixFileSystemProvider.readAttributes(Unknown Source) ~[?:?]
	at sun.nio.fs.LinuxFileSystemProvider.readAttributes(Unknown Source) ~[?:?]
	at java.nio.file.Files.readAttributes(Unknown Source) ~[?:?]
	at org.apache.lucene.store.NativeFSLockFactory$NativeFSLock.ensureValid(NativeFSLockFactory.java:189) ~[lucene-core-8.11.1.jar:8.11.1 0b002b11819df70783e83ef36b42ed1223c14b50 - janhoy - 2021-12-14 13:46:43]
	at org.elasticsearch.env.NodeEnvironment.assertEnvIsLocked(NodeEnvironment.java:1105) [elasticsearch-7.17.15.jar:7.17.15]
	at org.elasticsearch.env.NodeEnvironment.dataPaths(NodeEnvironment.java:897) [elasticsearch-7.17.15.jar:7.17.15]
	at org.elasticsearch.monitor.fs.FsProbe.stats(FsProbe.java:45) [elasticsearch-7.17.15.jar:7.17.15]
	at org.elasticsearch.monitor.fs.FsService$FsInfoCache.refresh(FsService.java:93) [elasticsearch-7.17.15.jar:7.17.15]
	at org.elasticsearch.monitor.fs.FsService$FsInfoCache.refresh(FsService.java:79) [elasticsearch-7.17.15.jar:7.17.15]
	at org.elasticsearch.common.util.SingleObjectCache.getOrRefresh(SingleObjectCache.java:42) [elasticsearch-7.17.15.jar:7.17.15]
	at org.elasticsearch.monitor.fs.FsService.lambda$new$1(FsService.java:57) [elasticsearch-7.17.15.jar:7.17.15]
	at org.elasticsearch.monitor.fs.FsService.stats(FsService.java:67) [elasticsearch-7.17.15.jar:7.17.15]
	at org.elasticsearch.node.NodeService.stats(NodeService.java:154) [elasticsearch-7.17.15.jar:7.17.15]
	at org.elasticsearch.action.admin.cluster.node.stats.TransportNodesStatsAction.nodeOperation(TransportNodesStatsAction.java:87) [elasticsearch-7.17.15.jar:7.17.15]
	at org.elasticsearch.action.admin.cluster.node.stats.TransportNodesStatsAction.nodeOperation(TransportNodesStatsAction.java:80) [elasticsearch-7.17.15.jar:7.17.15]
	at org.elasticsearch.action.admin.cluster.node.stats.TransportNodesStatsAction.nodeOperation(TransportNodesStatsAction.java:32) [elasticsearch-7.17.15.jar:7.17.15]
	at org.elasticsearch.action.support.nodes.TransportNodesAction$NodeTransportHandler.messageReceived(TransportNodesAction.java:333) [elasticsearch-7.17.15.jar:7.17.15]
	at org.elasticsearch.action.support.nodes.TransportNodesAction$NodeTransportHandler.messageReceived(TransportNodesAction.java:327) [elasticsearch-7.17.15.jar:7.17.15]
	at org.elasticsearch.transport.RequestHandlerRegistry.processMessageReceived(RequestHandlerRegistry.java:67) [elasticsearch-7.17.15.jar:7.17.15]
	at org.elasticsearch.transport.TransportService$6.doRun(TransportService.java:1045) [elasticsearch-7.17.15.jar:7.17.15]
	at org.elasticsearch.common.util.concurrent.ThreadContext$ContextPreservingAbstractRunnable.doRun(ThreadContext.java:777) [elasticsearch-7.17.15.jar:7.17.15]
	at org.elasticsearch.common.util.concurrent.AbstractRunnable.run(AbstractRunnable.java:26) [elasticsearch-7.17.15.jar:7.17.15]
	at java.util.concurrent.ThreadPoolExecutor.runWorker(Unknown Source) [?:?]
	at java.util.concurrent.ThreadPoolExecutor$Worker.run(Unknown Source) [?:?]
	at java.lang.Thread.run(Unknown Source) [?:?]
2025.11.20 08:41:01 WARN  es[][o.e.c.InternalClusterInfoService] failed to retrieve stats for node [H-vh3tNWQx2x0CdMTrSU8g]: [sonarqube][127.0.0.1:38875][cluster:monitor/nodes/stats[n]]
2025.11.20 08:41:31 WARN  es[][o.e.e.NodeEnvironment] lock assertion failed
java.nio.file.NoSuchFileException: /opt/sonarqube/data/es7/nodes/0/node.lock
	at sun.nio.fs.UnixException.translateToIOException(Unknown Source) ~[?:?]
	at sun.nio.fs.UnixException.rethrowAsIOException(Unknown Source) ~[?:?]
	at sun.nio.fs.UnixException.rethrowAsIOException(Unknown Source) ~[?:?]
	at sun.nio.fs.UnixFileAttributeViews$Basic.readAttributes(Unknown Source) ~[?:?]
	at sun.nio.fs.UnixFileSystemProvider.readAttributes(Unknown Source) ~[?:?]
	at sun.nio.fs.LinuxFileSystemProvider.readAttributes(Unknown Source) ~[?:?]
	at java.nio.file.Files.readAttributes(Unknown Source) ~[?:?]
	at org.apache.lucene.store.NativeFSLockFactory$NativeFSLock.ensureValid(NativeFSLockFactory.java:189) ~[lucene-core-8.11.1.jar:8.11.1 0b002b11819df70783e83ef36b42ed1223c14b50 - janhoy - 2021-12-14 13:46:43]
	at org.elasticsearch.env.NodeEnvironment.assertEnvIsLocked(NodeEnvironment.java:1105) [elasticsearch-7.17.15.jar:7.17.15]
	at org.elasticsearch.env.NodeEnvironment.dataPaths(NodeEnvironment.java:897) [elasticsearch-7.17.15.jar:7.17.15]
	at org.elasticsearch.monitor.fs.FsProbe.stats(FsProbe.java:45) [elasticsearch-7.17.15.jar:7.17.15]
	at org.elasticsearch.monitor.fs.FsService$FsInfoCache.refresh(FsService.java:93) [elasticsearch-7.17.15.jar:7.17.15]
	at org.elasticsearch.monitor.fs.FsService$FsInfoCache.refresh(FsService.java:79) [elasticsearch-7.17.15.jar:7.17.15]
	at org.elasticsearch.common.util.SingleObjectCache.getOrRefresh(SingleObjectCache.java:42) [elasticsearch-7.17.15.jar:7.17.15]
	at org.elasticsearch.monitor.fs.FsService.lambda$new$1(FsService.java:57) [elasticsearch-7.17.15.jar:7.17.15]
	at org.elasticsearch.monitor.fs.FsService.stats(FsService.java:67) [elasticsearch-7.17.15.jar:7.17.15]
	at org.elasticsearch.node.NodeService.stats(NodeService.java:154) [elasticsearch-7.17.15.jar:7.17.15]
	at org.elasticsearch.action.admin.cluster.node.stats.TransportNodesStatsAction.nodeOperation(TransportNodesStatsAction.java:87) [elasticsearch-7.17.15.jar:7.17.15]
	at org.elasticsearch.action.admin.cluster.node.stats.TransportNodesStatsAction.nodeOperation(TransportNodesStatsAction.java:80) [elasticsearch-7.17.15.jar:7.17.15]
	at org.elasticsearch.action.admin.cluster.node.stats.TransportNodesStatsAction.nodeOperation(TransportNodesStatsAction.java:32) [elasticsearch-7.17.15.jar:7.17.15]
	at org.elasticsearch.action.support.nodes.TransportNodesAction$NodeTransportHandler.messageReceived(TransportNodesAction.java:333) [elasticsearch-7.17.15.jar:7.17.15]
	at org.elasticsearch.action.support.nodes.TransportNodesAction$NodeTransportHandler.messageReceived(TransportNodesAction.java:327) [elasticsearch-7.17.15.jar:7.17.15]
	at org.elasticsearch.transport.RequestHandlerRegistry.processMessageReceived(RequestHandlerRegistry.java:67) [elasticsearch-7.17.15.jar:7.17.15]
	at org.elasticsearch.transport.TransportService$6.doRun(TransportService.java:1045) [elasticsearch-7.17.15.jar:7.17.15]
	at org.elasticsearch.common.util.concurrent.ThreadContext$ContextPreservingAbstractRunnable.doRun(ThreadContext.java:777) [elasticsearch-7.17.15.jar:7.17.15]
	at org.elasticsearch.common.util.concurrent.AbstractRunnable.run(AbstractRunnable.java:26) [elasticsearch-7.17.15.jar:7.17.15]
	at java.util.concurrent.ThreadPoolExecutor.runWorker(Unknown Source) [?:?]
	at java.util.concurrent.ThreadPoolExecutor$Worker.run(Unknown Source) [?:?]
	at java.lang.Thread.run(Unknown Source) [?:?]
2025.11.20 08:41:31 WARN  es[][o.e.c.InternalClusterInfoService] failed to retrieve stats for node [H-vh3tNWQx2x0CdMTrSU8g]: [sonarqube][127.0.0.1:38875][cluster:monitor/nodes/stats[n]]
2025.11.20 08:42:01 WARN  es[][o.e.e.NodeEnvironment] lock assertion failed
java.nio.file.NoSuchFileException: /opt/sonarqube/data/es7/nodes/0/node.lock
	at sun.nio.fs.UnixException.translateToIOException(Unknown Source) ~[?:?]
	at sun.nio.fs.UnixException.rethrowAsIOException(Unknown Source) ~[?:?]
	at sun.nio.fs.UnixException.rethrowAsIOException(Unknown Source) ~[?:?]
	at sun.nio.fs.UnixFileAttributeViews$Basic.readAttributes(Unknown Source) ~[?:?]
	at sun.nio.fs.UnixFileSystemProvider.readAttributes(Unknown Source) ~[?:?]
	at sun.nio.fs.LinuxFileSystemProvider.readAttributes(Unknown Source) ~[?:?]
	at java.nio.file.Files.readAttributes(Unknown Source) ~[?:?]
	at org.apache.lucene.store.NativeFSLockFactory$NativeFSLock.ensureValid(NativeFSLockFactory.java:189) ~[lucene-core-8.11.1.jar:8.11.1 0b002b11819df70783e83ef36b42ed1223c14b50 - janhoy - 2021-12-14 13:46:43]
	at org.elasticsearch.env.NodeEnvironment.assertEnvIsLocked(NodeEnvironment.java:1105) [elasticsearch-7.17.15.jar:7.17.15]
	at org.elasticsearch.env.NodeEnvironment.nodeDataPaths(NodeEnvironment.java:867) [elasticsearch-7.17.15.jar:7.17.15]
	at org.elasticsearch.monitor.fs.FsHealthService$FsHealthMonitor.monitorFSHealth(FsHealthService.java:156) [elasticsearch-7.17.15.jar:7.17.15]
	at org.elasticsearch.monitor.fs.FsHealthService$FsHealthMonitor.run(FsHealthService.java:144) [elasticsearch-7.17.15.jar:7.17.15]
	at org.elasticsearch.threadpool.Scheduler$ReschedulingRunnable.doRun(Scheduler.java:214) [elasticsearch-7.17.15.jar:7.17.15]
	at org.elasticsearch.common.util.concurrent.ThreadContext$ContextPreservingAbstractRunnable.doRun(ThreadContext.java:777) [elasticsearch-7.17.15.jar:7.17.15]
	at org.elasticsearch.common.util.concurrent.AbstractRunnable.run(AbstractRunnable.java:26) [elasticsearch-7.17.15.jar:7.17.15]
	at java.util.concurrent.ThreadPoolExecutor.runWorker(Unknown Source) [?:?]
	at java.util.concurrent.ThreadPoolExecutor$Worker.run(Unknown Source) [?:?]
	at java.lang.Thread.run(Unknown Source) [?:?]
2025.11.20 08:42:01 ERROR es[][o.e.m.f.FsHealthService] health check failed
java.lang.IllegalStateException: environment is not locked
	at org.elasticsearch.env.NodeEnvironment.assertEnvIsLocked(NodeEnvironment.java:1108) ~[elasticsearch-7.17.15.jar:7.17.15]
	at org.elasticsearch.env.NodeEnvironment.nodeDataPaths(NodeEnvironment.java:867) ~[elasticsearch-7.17.15.jar:7.17.15]
	at org.elasticsearch.monitor.fs.FsHealthService$FsHealthMonitor.monitorFSHealth(FsHealthService.java:156) [elasticsearch-7.17.15.jar:7.17.15]
	at org.elasticsearch.monitor.fs.FsHealthService$FsHealthMonitor.run(FsHealthService.java:144) [elasticsearch-7.17.15.jar:7.17.15]
	at org.elasticsearch.threadpool.Scheduler$ReschedulingRunnable.doRun(Scheduler.java:214) [elasticsearch-7.17.15.jar:7.17.15]
	at org.elasticsearch.common.util.concurrent.ThreadContext$ContextPreservingAbstractRunnable.doRun(ThreadContext.java:777) [elasticsearch-7.17.15.jar:7.17.15]
	at org.elasticsearch.common.util.concurrent.AbstractRunnable.run(AbstractRunnable.java:26) [elasticsearch-7.17.15.jar:7.17.15]
	at java.util.concurrent.ThreadPoolExecutor.runWorker(Unknown Source) [?:?]
	at java.util.concurrent.ThreadPoolExecutor$Worker.run(Unknown Source) [?:?]
	at java.lang.Thread.run(Unknown Source) [?:?]
Caused by: java.nio.file.NoSuchFileException: /opt/sonarqube/data/es7/nodes/0/node.lock
	at sun.nio.fs.UnixException.translateToIOException(Unknown Source) ~[?:?]
	at sun.nio.fs.UnixException.rethrowAsIOException(Unknown Source) ~[?:?]
	at sun.nio.fs.UnixException.rethrowAsIOException(Unknown Source) ~[?:?]
	at sun.nio.fs.UnixFileAttributeViews$Basic.readAttributes(Unknown Source) ~[?:?]
	at sun.nio.fs.UnixFileSystemProvider.readAttributes(Unknown Source) ~[?:?]
	at sun.nio.fs.LinuxFileSystemProvider.readAttributes(Unknown Source) ~[?:?]
	at java.nio.file.Files.readAttributes(Unknown Source) ~[?:?]
	at org.apache.lucene.store.NativeFSLockFactory$NativeFSLock.ensureValid(NativeFSLockFactory.java:189) ~[lucene-core-8.11.1.jar:8.11.1 0b002b11819df70783e83ef36b42ed1223c14b50 - janhoy - 2021-12-14 13:46:43]
	at org.elasticsearch.env.NodeEnvironment.assertEnvIsLocked(NodeEnvironment.java:1105) ~[elasticsearch-7.17.15.jar:7.17.15]
	... 9 more
2025.11.20 08:42:01 WARN  es[][o.e.e.NodeEnvironment] lock assertion failed
java.nio.file.NoSuchFileException: /opt/sonarqube/data/es7/nodes/0/node.lock
	at sun.nio.fs.UnixException.translateToIOException(Unknown Source) ~[?:?]
	at sun.nio.fs.UnixException.rethrowAsIOException(Unknown Source) ~[?:?]
	at sun.nio.fs.UnixException.rethrowAsIOException(Unknown Source) ~[?:?]
	at sun.nio.fs.UnixFileAttributeViews$Basic.readAttributes(Unknown Source) ~[?:?]
	at sun.nio.fs.UnixFileSystemProvider.readAttributes(Unknown Source) ~[?:?]
	at sun.nio.fs.LinuxFileSystemProvider.readAttributes(Unknown Source) ~[?:?]
	at java.nio.file.Files.readAttributes(Unknown Source) ~[?:?]
	at org.apache.lucene.store.NativeFSLockFactory$NativeFSLock.ensureValid(NativeFSLockFactory.java:189) ~[lucene-core-8.11.1.jar:8.11.1 0b002b11819df70783e83ef36b42ed1223c14b50 - janhoy - 2021-12-14 13:46:43]
	at org.elasticsearch.env.NodeEnvironment.assertEnvIsLocked(NodeEnvironment.java:1105) [elasticsearch-7.17.15.jar:7.17.15]
	at org.elasticsearch.env.NodeEnvironment.dataPaths(NodeEnvironment.java:897) [elasticsearch-7.17.15.jar:7.17.15]
	at org.elasticsearch.monitor.fs.FsProbe.stats(FsProbe.java:45) [elasticsearch-7.17.15.jar:7.17.15]
	at org.elasticsearch.monitor.fs.FsService$FsInfoCache.refresh(FsService.java:93) [elasticsearch-7.17.15.jar:7.17.15]
	at org.elasticsearch.monitor.fs.FsService$FsInfoCache.refresh(FsService.java:79) [elasticsearch-7.17.15.jar:7.17.15]
	at org.elasticsearch.common.util.SingleObjectCache.getOrRefresh(SingleObjectCache.java:42) [elasticsearch-7.17.15.jar:7.17.15]
	at org.elasticsearch.monitor.fs.FsService.lambda$new$1(FsService.java:57) [elasticsearch-7.17.15.jar:7.17.15]
	at org.elasticsearch.monitor.fs.FsService.stats(FsService.java:67) [elasticsearch-7.17.15.jar:7.17.15]
	at org.elasticsearch.node.NodeService.stats(NodeService.java:154) [elasticsearch-7.17.15.jar:7.17.15]
	at org.elasticsearch.action.admin.cluster.node.stats.TransportNodesStatsAction.nodeOperation(TransportNodesStatsAction.java:87) [elasticsearch-7.17.15.jar:7.17.15]
	at org.elasticsearch.action.admin.cluster.node.stats.TransportNodesStatsAction.nodeOperation(TransportNodesStatsAction.java:80) [elasticsearch-7.17.15.jar:7.17.15]
	at org.elasticsearch.action.admin.cluster.node.stats.TransportNodesStatsAction.nodeOperation(TransportNodesStatsAction.java:32) [elasticsearch-7.17.15.jar:7.17.15]
	at org.elasticsearch.action.support.nodes.TransportNodesAction$NodeTransportHandler.messageReceived(TransportNodesAction.java:333) [elasticsearch-7.17.15.jar:7.17.15]
	at org.elasticsearch.action.support.nodes.TransportNodesAction$NodeTransportHandler.messageReceived(TransportNodesAction.java:327) [elasticsearch-7.17.15.jar:7.17.15]
	at org.elasticsearch.transport.RequestHandlerRegistry.processMessageReceived(RequestHandlerRegistry.java:67) [elasticsearch-7.17.15.jar:7.17.15]
	at org.elasticsearch.transport.TransportService$6.doRun(TransportService.java:1045) [elasticsearch-7.17.15.jar:7.17.15]
	at org.elasticsearch.common.util.concurrent.ThreadContext$ContextPreservingAbstractRunnable.doRun(ThreadContext.java:777) [elasticsearch-7.17.15.jar:7.17.15]
	at org.elasticsearch.common.util.concurrent.AbstractRunnable.run(AbstractRunnable.java:26) [elasticsearch-7.17.15.jar:7.17.15]
	at java.util.concurrent.ThreadPoolExecutor.runWorker(Unknown Source) [?:?]
	at java.util.concurrent.ThreadPoolExecutor$Worker.run(Unknown Source) [?:?]
	at java.lang.Thread.run(Unknown Source) [?:?]
2025.11.20 08:42:01 WARN  es[][o.e.c.InternalClusterInfoService] failed to retrieve stats for node [H-vh3tNWQx2x0CdMTrSU8g]: [sonarqube][127.0.0.1:38875][cluster:monitor/nodes/stats[n]]
2025.11.20 08:42:31 WARN  es[][o.e.e.NodeEnvironment] lock assertion failed
java.nio.file.NoSuchFileException: /opt/sonarqube/data/es7/nodes/0/node.lock
	at sun.nio.fs.UnixException.translateToIOException(Unknown Source) ~[?:?]
	at sun.nio.fs.UnixException.rethrowAsIOException(Unknown Source) ~[?:?]
	at sun.nio.fs.UnixException.rethrowAsIOException(Unknown Source) ~[?:?]
	at sun.nio.fs.UnixFileAttributeViews$Basic.readAttributes(Unknown Source) ~[?:?]
	at sun.nio.fs.UnixFileSystemProvider.readAttributes(Unknown Source) ~[?:?]
	at sun.nio.fs.LinuxFileSystemProvider.readAttributes(Unknown Source) ~[?:?]
	at java.nio.file.Files.readAttributes(Unknown Source) ~[?:?]
	at org.apache.lucene.store.NativeFSLockFactory$NativeFSLock.ensureValid(NativeFSLockFactory.java:189) ~[lucene-core-8.11.1.jar:8.11.1 0b002b11819df70783e83ef36b42ed1223c14b50 - janhoy - 2021-12-14 13:46:43]
	at org.elasticsearch.env.NodeEnvironment.assertEnvIsLocked(NodeEnvironment.java:1105) [elasticsearch-7.17.15.jar:7.17.15]
	at org.elasticsearch.env.NodeEnvironment.dataPaths(NodeEnvironment.java:897) [elasticsearch-7.17.15.jar:7.17.15]
	at org.elasticsearch.monitor.fs.FsProbe.stats(FsProbe.java:45) [elasticsearch-7.17.15.jar:7.17.15]
	at org.elasticsearch.monitor.fs.FsService$FsInfoCache.refresh(FsService.java:93) [elasticsearch-7.17.15.jar:7.17.15]
	at org.elasticsearch.monitor.fs.FsService$FsInfoCache.refresh(FsService.java:79) [elasticsearch-7.17.15.jar:7.17.15]
	at org.elasticsearch.common.util.SingleObjectCache.getOrRefresh(SingleObjectCache.java:42) [elasticsearch-7.17.15.jar:7.17.15]
	at org.elasticsearch.monitor.fs.FsService.lambda$new$1(FsService.java:57) [elasticsearch-7.17.15.jar:7.17.15]
	at org.elasticsearch.monitor.fs.FsService.stats(FsService.java:67) [elasticsearch-7.17.15.jar:7.17.15]
	at org.elasticsearch.node.NodeService.stats(NodeService.java:154) [elasticsearch-7.17.15.jar:7.17.15]
	at org.elasticsearch.action.admin.cluster.node.stats.TransportNodesStatsAction.nodeOperation(TransportNodesStatsAction.java:87) [elasticsearch-7.17.15.jar:7.17.15]
	at org.elasticsearch.action.admin.cluster.node.stats.TransportNodesStatsAction.nodeOperation(TransportNodesStatsAction.java:80) [elasticsearch-7.17.15.jar:7.17.15]
	at org.elasticsearch.action.admin.cluster.node.stats.TransportNodesStatsAction.nodeOperation(TransportNodesStatsAction.java:32) [elasticsearch-7.17.15.jar:7.17.15]
	at org.elasticsearch.action.support.nodes.TransportNodesAction$NodeTransportHandler.messageReceived(TransportNodesAction.java:333) [elasticsearch-7.17.15.jar:7.17.15]
	at org.elasticsearch.action.support.nodes.TransportNodesAction$NodeTransportHandler.messageReceived(TransportNodesAction.java:327) [elasticsearch-7.17.15.jar:7.17.15]
	at org.elasticsearch.transport.RequestHandlerRegistry.processMessageReceived(RequestHandlerRegistry.java:67) [elasticsearch-7.17.15.jar:7.17.15]
	at org.elasticsearch.transport.TransportService$6.doRun(TransportService.java:1045) [elasticsearch-7.17.15.jar:7.17.15]
	at org.elasticsearch.common.util.concurrent.ThreadContext$ContextPreservingAbstractRunnable.doRun(ThreadContext.java:777) [elasticsearch-7.17.15.jar:7.17.15]
	at org.elasticsearch.common.util.concurrent.AbstractRunnable.run(AbstractRunnable.java:26) [elasticsearch-7.17.15.jar:7.17.15]
	at java.util.concurrent.ThreadPoolExecutor.runWorker(Unknown Source) [?:?]
	at java.util.concurrent.ThreadPoolExecutor$Worker.run(Unknown Source) [?:?]
	at java.lang.Thread.run(Unknown Source) [?:?]
2025.11.20 08:42:31 WARN  es[][o.e.c.InternalClusterInfoService] failed to retrieve stats for node [H-vh3tNWQx2x0CdMTrSU8g]: [sonarqube][127.0.0.1:38875][cluster:monitor/nodes/stats[n]]
2025.11.20 08:43:01 WARN  es[][o.e.e.NodeEnvironment] lock assertion failed
java.nio.file.NoSuchFileException: /opt/sonarqube/data/es7/nodes/0/node.lock
	at sun.nio.fs.UnixException.translateToIOException(Unknown Source) ~[?:?]
	at sun.nio.fs.UnixException.rethrowAsIOException(Unknown Source) ~[?:?]
	at sun.nio.fs.UnixException.rethrowAsIOException(Unknown Source) ~[?:?]
	at sun.nio.fs.UnixFileAttributeViews$Basic.readAttributes(Unknown Source) ~[?:?]
	at sun.nio.fs.UnixFileSystemProvider.readAttributes(Unknown Source) ~[?:?]
	at sun.nio.fs.LinuxFileSystemProvider.readAttributes(Unknown Source) ~[?:?]
	at java.nio.file.Files.readAttributes(Unknown Source) ~[?:?]
	at org.apache.lucene.store.NativeFSLockFactory$NativeFSLock.ensureValid(NativeFSLockFactory.java:189) ~[lucene-core-8.11.1.jar:8.11.1 0b002b11819df70783e83ef36b42ed1223c14b50 - janhoy - 2021-12-14 13:46:43]
	at org.elasticsearch.env.NodeEnvironment.assertEnvIsLocked(NodeEnvironment.java:1105) [elasticsearch-7.17.15.jar:7.17.15]
	at org.elasticsearch.env.NodeEnvironment.dataPaths(NodeEnvironment.java:897) [elasticsearch-7.17.15.jar:7.17.15]
	at org.elasticsearch.monitor.fs.FsProbe.stats(FsProbe.java:45) [elasticsearch-7.17.15.jar:7.17.15]
	at org.elasticsearch.monitor.fs.FsService$FsInfoCache.refresh(FsService.java:93) [elasticsearch-7.17.15.jar:7.17.15]
	at org.elasticsearch.monitor.fs.FsService$FsInfoCache.refresh(FsService.java:79) [elasticsearch-7.17.15.jar:7.17.15]
	at org.elasticsearch.common.util.SingleObjectCache.getOrRefresh(SingleObjectCache.java:42) [elasticsearch-7.17.15.jar:7.17.15]
	at org.elasticsearch.monitor.fs.FsService.lambda$new$1(FsService.java:57) [elasticsearch-7.17.15.jar:7.17.15]
	at org.elasticsearch.monitor.fs.FsService.stats(FsService.java:67) [elasticsearch-7.17.15.jar:7.17.15]
	at org.elasticsearch.node.NodeService.stats(NodeService.java:154) [elasticsearch-7.17.15.jar:7.17.15]
	at org.elasticsearch.action.admin.cluster.node.stats.TransportNodesStatsAction.nodeOperation(TransportNodesStatsAction.java:87) [elasticsearch-7.17.15.jar:7.17.15]
	at org.elasticsearch.action.admin.cluster.node.stats.TransportNodesStatsAction.nodeOperation(TransportNodesStatsAction.java:80) [elasticsearch-7.17.15.jar:7.17.15]
	at org.elasticsearch.action.admin.cluster.node.stats.TransportNodesStatsAction.nodeOperation(TransportNodesStatsAction.java:32) [elasticsearch-7.17.15.jar:7.17.15]
	at org.elasticsearch.action.support.nodes.TransportNodesAction$NodeTransportHandler.messageReceived(TransportNodesAction.java:333) [elasticsearch-7.17.15.jar:7.17.15]
	at org.elasticsearch.action.support.nodes.TransportNodesAction$NodeTransportHandler.messageReceived(TransportNodesAction.java:327) [elasticsearch-7.17.15.jar:7.17.15]
	at org.elasticsearch.transport.RequestHandlerRegistry.processMessageReceived(RequestHandlerRegistry.java:67) [elasticsearch-7.17.15.jar:7.17.15]
	at org.elasticsearch.transport.TransportService$6.doRun(TransportService.java:1045) [elasticsearch-7.17.15.jar:7.17.15]
	at org.elasticsearch.common.util.concurrent.ThreadContext$ContextPreservingAbstractRunnable.doRun(ThreadContext.java:777) [elasticsearch-7.17.15.jar:7.17.15]
	at org.elasticsearch.common.util.concurrent.AbstractRunnable.run(AbstractRunnable.java:26) [elasticsearch-7.17.15.jar:7.17.15]
	at java.util.concurrent.ThreadPoolExecutor.runWorker(Unknown Source) [?:?]
	at java.util.concurrent.ThreadPoolExecutor$Worker.run(Unknown Source) [?:?]
	at java.lang.Thread.run(Unknown Source) [?:?]
2025.11.20 08:43:01 WARN  es[][o.e.c.InternalClusterInfoService] failed to retrieve stats for node [H-vh3tNWQx2x0CdMTrSU8g]: [sonarqube][127.0.0.1:38875][cluster:monitor/nodes/stats[n]]
2025.11.20 08:43:31 WARN  es[][o.e.e.NodeEnvironment] lock assertion failed
java.nio.file.NoSuchFileException: /opt/sonarqube/data/es7/nodes/0/node.lock
	at sun.nio.fs.UnixException.translateToIOException(Unknown Source) ~[?:?]
	at sun.nio.fs.UnixException.rethrowAsIOException(Unknown Source) ~[?:?]
	at sun.nio.fs.UnixException.rethrowAsIOException(Unknown Source) ~[?:?]
	at sun.nio.fs.UnixFileAttributeViews$Basic.readAttributes(Unknown Source) ~[?:?]
	at sun.nio.fs.UnixFileSystemProvider.readAttributes(Unknown Source) ~[?:?]
	at sun.nio.fs.LinuxFileSystemProvider.readAttributes(Unknown Source) ~[?:?]
	at java.nio.file.Files.readAttributes(Unknown Source) ~[?:?]
	at org.apache.lucene.store.NativeFSLockFactory$NativeFSLock.ensureValid(NativeFSLockFactory.java:189) ~[lucene-core-8.11.1.jar:8.11.1 0b002b11819df70783e83ef36b42ed1223c14b50 - janhoy - 2021-12-14 13:46:43]
	at org.elasticsearch.env.NodeEnvironment.assertEnvIsLocked(NodeEnvironment.java:1105) [elasticsearch-7.17.15.jar:7.17.15]
	at org.elasticsearch.env.NodeEnvironment.dataPaths(NodeEnvironment.java:897) [elasticsearch-7.17.15.jar:7.17.15]
	at org.elasticsearch.monitor.fs.FsProbe.stats(FsProbe.java:45) [elasticsearch-7.17.15.jar:7.17.15]
	at org.elasticsearch.monitor.fs.FsService$FsInfoCache.refresh(FsService.java:93) [elasticsearch-7.17.15.jar:7.17.15]
	at org.elasticsearch.monitor.fs.FsService$FsInfoCache.refresh(FsService.java:79) [elasticsearch-7.17.15.jar:7.17.15]
	at org.elasticsearch.common.util.SingleObjectCache.getOrRefresh(SingleObjectCache.java:42) [elasticsearch-7.17.15.jar:7.17.15]
	at org.elasticsearch.monitor.fs.FsService.lambda$new$1(FsService.java:57) [elasticsearch-7.17.15.jar:7.17.15]
	at org.elasticsearch.monitor.fs.FsService.stats(FsService.java:67) [elasticsearch-7.17.15.jar:7.17.15]
	at org.elasticsearch.node.NodeService.stats(NodeService.java:154) [elasticsearch-7.17.15.jar:7.17.15]
	at org.elasticsearch.action.admin.cluster.node.stats.TransportNodesStatsAction.nodeOperation(TransportNodesStatsAction.java:87) [elasticsearch-7.17.15.jar:7.17.15]
	at org.elasticsearch.action.admin.cluster.node.stats.TransportNodesStatsAction.nodeOperation(TransportNodesStatsAction.java:80) [elasticsearch-7.17.15.jar:7.17.15]
	at org.elasticsearch.action.admin.cluster.node.stats.TransportNodesStatsAction.nodeOperation(TransportNodesStatsAction.java:32) [elasticsearch-7.17.15.jar:7.17.15]
	at org.elasticsearch.action.support.nodes.TransportNodesAction$NodeTransportHandler.messageReceived(TransportNodesAction.java:333) [elasticsearch-7.17.15.jar:7.17.15]
	at org.elasticsearch.action.support.nodes.TransportNodesAction$NodeTransportHandler.messageReceived(TransportNodesAction.java:327) [elasticsearch-7.17.15.jar:7.17.15]
	at org.elasticsearch.transport.RequestHandlerRegistry.processMessageReceived(RequestHandlerRegistry.java:67) [elasticsearch-7.17.15.jar:7.17.15]
	at org.elasticsearch.transport.TransportService$6.doRun(TransportService.java:1045) [elasticsearch-7.17.15.jar:7.17.15]
	at org.elasticsearch.common.util.concurrent.ThreadContext$ContextPreservingAbstractRunnable.doRun(ThreadContext.java:777) [elasticsearch-7.17.15.jar:7.17.15]
	at org.elasticsearch.common.util.concurrent.AbstractRunnable.run(AbstractRunnable.java:26) [elasticsearch-7.17.15.jar:7.17.15]
	at java.util.concurrent.ThreadPoolExecutor.runWorker(Unknown Source) [?:?]
	at java.util.concurrent.ThreadPoolExecutor$Worker.run(Unknown Source) [?:?]
	at java.lang.Thread.run(Unknown Source) [?:?]
2025.11.20 08:43:31 WARN  es[][o.e.c.InternalClusterInfoService] failed to retrieve stats for node [H-vh3tNWQx2x0CdMTrSU8g]: [sonarqube][127.0.0.1:38875][cluster:monitor/nodes/stats[n]]
2025.11.20 08:44:01 WARN  es[][o.e.e.NodeEnvironment] lock assertion failed
java.nio.file.NoSuchFileException: /opt/sonarqube/data/es7/nodes/0/node.lock
	at sun.nio.fs.UnixException.translateToIOException(Unknown Source) ~[?:?]
	at sun.nio.fs.UnixException.rethrowAsIOException(Unknown Source) ~[?:?]
	at sun.nio.fs.UnixException.rethrowAsIOException(Unknown Source) ~[?:?]
	at sun.nio.fs.UnixFileAttributeViews$Basic.readAttributes(Unknown Source) ~[?:?]
	at sun.nio.fs.UnixFileSystemProvider.readAttributes(Unknown Source) ~[?:?]
	at sun.nio.fs.LinuxFileSystemProvider.readAttributes(Unknown Source) ~[?:?]
	at java.nio.file.Files.readAttributes(Unknown Source) ~[?:?]
	at org.apache.lucene.store.NativeFSLockFactory$NativeFSLock.ensureValid(NativeFSLockFactory.java:189) ~[lucene-core-8.11.1.jar:8.11.1 0b002b11819df70783e83ef36b42ed1223c14b50 - janhoy - 2021-12-14 13:46:43]
	at org.elasticsearch.env.NodeEnvironment.assertEnvIsLocked(NodeEnvironment.java:1105) [elasticsearch-7.17.15.jar:7.17.15]
	at org.elasticsearch.env.NodeEnvironment.nodeDataPaths(NodeEnvironment.java:867) [elasticsearch-7.17.15.jar:7.17.15]
	at org.elasticsearch.monitor.fs.FsHealthService$FsHealthMonitor.monitorFSHealth(FsHealthService.java:156) [elasticsearch-7.17.15.jar:7.17.15]
	at org.elasticsearch.monitor.fs.FsHealthService$FsHealthMonitor.run(FsHealthService.java:144) [elasticsearch-7.17.15.jar:7.17.15]
	at org.elasticsearch.threadpool.Scheduler$ReschedulingRunnable.doRun(Scheduler.java:214) [elasticsearch-7.17.15.jar:7.17.15]
	at org.elasticsearch.common.util.concurrent.ThreadContext$ContextPreservingAbstractRunnable.doRun(ThreadContext.java:777) [elasticsearch-7.17.15.jar:7.17.15]
	at org.elasticsearch.common.util.concurrent.AbstractRunnable.run(AbstractRunnable.java:26) [elasticsearch-7.17.15.jar:7.17.15]
	at java.util.concurrent.ThreadPoolExecutor.runWorker(Unknown Source) [?:?]
	at java.util.concurrent.ThreadPoolExecutor$Worker.run(Unknown Source) [?:?]
	at java.lang.Thread.run(Unknown Source) [?:?]
2025.11.20 08:44:01 ERROR es[][o.e.m.f.FsHealthService] health check failed
java.lang.IllegalStateException: environment is not locked
	at org.elasticsearch.env.NodeEnvironment.assertEnvIsLocked(NodeEnvironment.java:1108) ~[elasticsearch-7.17.15.jar:7.17.15]
	at org.elasticsearch.env.NodeEnvironment.nodeDataPaths(NodeEnvironment.java:867) ~[elasticsearch-7.17.15.jar:7.17.15]
	at org.elasticsearch.monitor.fs.FsHealthService$FsHealthMonitor.monitorFSHealth(FsHealthService.java:156) [elasticsearch-7.17.15.jar:7.17.15]
	at org.elasticsearch.monitor.fs.FsHealthService$FsHealthMonitor.run(FsHealthService.java:144) [elasticsearch-7.17.15.jar:7.17.15]
	at org.elasticsearch.threadpool.Scheduler$ReschedulingRunnable.doRun(Scheduler.java:214) [elasticsearch-7.17.15.jar:7.17.15]
	at org.elasticsearch.common.util.concurrent.ThreadContext$ContextPreservingAbstractRunnable.doRun(ThreadContext.java:777) [elasticsearch-7.17.15.jar:7.17.15]
	at org.elasticsearch.common.util.concurrent.AbstractRunnable.run(AbstractRunnable.java:26) [elasticsearch-7.17.15.jar:7.17.15]
	at java.util.concurrent.ThreadPoolExecutor.runWorker(Unknown Source) [?:?]
	at java.util.concurrent.ThreadPoolExecutor$Worker.run(Unknown Source) [?:?]
	at java.lang.Thread.run(Unknown Source) [?:?]
Caused by: java.nio.file.NoSuchFileException: /opt/sonarqube/data/es7/nodes/0/node.lock
	at sun.nio.fs.UnixException.translateToIOException(Unknown Source) ~[?:?]
	at sun.nio.fs.UnixException.rethrowAsIOException(Unknown Source) ~[?:?]
	at sun.nio.fs.UnixException.rethrowAsIOException(Unknown Source) ~[?:?]
	at sun.nio.fs.UnixFileAttributeViews$Basic.readAttributes(Unknown Source) ~[?:?]
	at sun.nio.fs.UnixFileSystemProvider.readAttributes(Unknown Source) ~[?:?]
	at sun.nio.fs.LinuxFileSystemProvider.readAttributes(Unknown Source) ~[?:?]
	at java.nio.file.Files.readAttributes(Unknown Source) ~[?:?]
	at org.apache.lucene.store.NativeFSLockFactory$NativeFSLock.ensureValid(NativeFSLockFactory.java:189) ~[lucene-core-8.11.1.jar:8.11.1 0b002b11819df70783e83ef36b42ed1223c14b50 - janhoy - 2021-12-14 13:46:43]
	at org.elasticsearch.env.NodeEnvironment.assertEnvIsLocked(NodeEnvironment.java:1105) ~[elasticsearch-7.17.15.jar:7.17.15]
	... 9 more
2025.11.20 08:44:01 WARN  es[][o.e.e.NodeEnvironment] lock assertion failed
java.nio.file.NoSuchFileException: /opt/sonarqube/data/es7/nodes/0/node.lock
	at sun.nio.fs.UnixException.translateToIOException(Unknown Source) ~[?:?]
	at sun.nio.fs.UnixException.rethrowAsIOException(Unknown Source) ~[?:?]
	at sun.nio.fs.UnixException.rethrowAsIOException(Unknown Source) ~[?:?]
	at sun.nio.fs.UnixFileAttributeViews$Basic.readAttributes(Unknown Source) ~[?:?]
	at sun.nio.fs.UnixFileSystemProvider.readAttributes(Unknown Source) ~[?:?]
	at sun.nio.fs.LinuxFileSystemProvider.readAttributes(Unknown Source) ~[?:?]
	at java.nio.file.Files.readAttributes(Unknown Source) ~[?:?]
	at org.apache.lucene.store.NativeFSLockFactory$NativeFSLock.ensureValid(NativeFSLockFactory.java:189) ~[lucene-core-8.11.1.jar:8.11.1 0b002b11819df70783e83ef36b42ed1223c14b50 - janhoy - 2021-12-14 13:46:43]
	at org.elasticsearch.env.NodeEnvironment.assertEnvIsLocked(NodeEnvironment.java:1105) [elasticsearch-7.17.15.jar:7.17.15]
	at org.elasticsearch.env.NodeEnvironment.dataPaths(NodeEnvironment.java:897) [elasticsearch-7.17.15.jar:7.17.15]
	at org.elasticsearch.monitor.fs.FsProbe.stats(FsProbe.java:45) [elasticsearch-7.17.15.jar:7.17.15]
	at org.elasticsearch.monitor.fs.FsService$FsInfoCache.refresh(FsService.java:93) [elasticsearch-7.17.15.jar:7.17.15]
	at org.elasticsearch.monitor.fs.FsService$FsInfoCache.refresh(FsService.java:79) [elasticsearch-7.17.15.jar:7.17.15]
	at org.elasticsearch.common.util.SingleObjectCache.getOrRefresh(SingleObjectCache.java:42) [elasticsearch-7.17.15.jar:7.17.15]
	at org.elasticsearch.monitor.fs.FsService.lambda$new$1(FsService.java:57) [elasticsearch-7.17.15.jar:7.17.15]
	at org.elasticsearch.monitor.fs.FsService.stats(FsService.java:67) [elasticsearch-7.17.15.jar:7.17.15]
	at org.elasticsearch.node.NodeService.stats(NodeService.java:154) [elasticsearch-7.17.15.jar:7.17.15]
	at org.elasticsearch.action.admin.cluster.node.stats.TransportNodesStatsAction.nodeOperation(TransportNodesStatsAction.java:87) [elasticsearch-7.17.15.jar:7.17.15]
	at org.elasticsearch.action.admin.cluster.node.stats.TransportNodesStatsAction.nodeOperation(TransportNodesStatsAction.java:80) [elasticsearch-7.17.15.jar:7.17.15]
	at org.elasticsearch.action.admin.cluster.node.stats.TransportNodesStatsAction.nodeOperation(TransportNodesStatsAction.java:32) [elasticsearch-7.17.15.jar:7.17.15]
	at org.elasticsearch.action.support.nodes.TransportNodesAction$NodeTransportHandler.messageReceived(TransportNodesAction.java:333) [elasticsearch-7.17.15.jar:7.17.15]
	at org.elasticsearch.action.support.nodes.TransportNodesAction$NodeTransportHandler.messageReceived(TransportNodesAction.java:327) [elasticsearch-7.17.15.jar:7.17.15]
	at org.elasticsearch.transport.RequestHandlerRegistry.processMessageReceived(RequestHandlerRegistry.java:67) [elasticsearch-7.17.15.jar:7.17.15]
	at org.elasticsearch.transport.TransportService$6.doRun(TransportService.java:1045) [elasticsearch-7.17.15.jar:7.17.15]
	at org.elasticsearch.common.util.concurrent.ThreadContext$ContextPreservingAbstractRunnable.doRun(ThreadContext.java:777) [elasticsearch-7.17.15.jar:7.17.15]
	at org.elasticsearch.common.util.concurrent.AbstractRunnable.run(AbstractRunnable.java:26) [elasticsearch-7.17.15.jar:7.17.15]
	at java.util.concurrent.ThreadPoolExecutor.runWorker(Unknown Source) [?:?]
	at java.util.concurrent.ThreadPoolExecutor$Worker.run(Unknown Source) [?:?]
	at java.lang.Thread.run(Unknown Source) [?:?]
2025.11.20 08:44:01 WARN  es[][o.e.c.InternalClusterInfoService] failed to retrieve stats for node [H-vh3tNWQx2x0CdMTrSU8g]: [sonarqube][127.0.0.1:38875][cluster:monitor/nodes/stats[n]]
2025.11.20 08:44:31 WARN  es[][o.e.e.NodeEnvironment] lock assertion failed
java.nio.file.NoSuchFileException: /opt/sonarqube/data/es7/nodes/0/node.lock
	at sun.nio.fs.UnixException.translateToIOException(Unknown Source) ~[?:?]
	at sun.nio.fs.UnixException.rethrowAsIOException(Unknown Source) ~[?:?]
	at sun.nio.fs.UnixException.rethrowAsIOException(Unknown Source) ~[?:?]
	at sun.nio.fs.UnixFileAttributeViews$Basic.readAttributes(Unknown Source) ~[?:?]
	at sun.nio.fs.UnixFileSystemProvider.readAttributes(Unknown Source) ~[?:?]
	at sun.nio.fs.LinuxFileSystemProvider.readAttributes(Unknown Source) ~[?:?]
	at java.nio.file.Files.readAttributes(Unknown Source) ~[?:?]
	at org.apache.lucene.store.NativeFSLockFactory$NativeFSLock.ensureValid(NativeFSLockFactory.java:189) ~[lucene-core-8.11.1.jar:8.11.1 0b002b11819df70783e83ef36b42ed1223c14b50 - janhoy - 2021-12-14 13:46:43]
	at org.elasticsearch.env.NodeEnvironment.assertEnvIsLocked(NodeEnvironment.java:1105) [elasticsearch-7.17.15.jar:7.17.15]
	at org.elasticsearch.env.NodeEnvironment.dataPaths(NodeEnvironment.java:897) [elasticsearch-7.17.15.jar:7.17.15]
	at org.elasticsearch.monitor.fs.FsProbe.stats(FsProbe.java:45) [elasticsearch-7.17.15.jar:7.17.15]
	at org.elasticsearch.monitor.fs.FsService$FsInfoCache.refresh(FsService.java:93) [elasticsearch-7.17.15.jar:7.17.15]
	at org.elasticsearch.monitor.fs.FsService$FsInfoCache.refresh(FsService.java:79) [elasticsearch-7.17.15.jar:7.17.15]
	at org.elasticsearch.common.util.SingleObjectCache.getOrRefresh(SingleObjectCache.java:42) [elasticsearch-7.17.15.jar:7.17.15]
	at org.elasticsearch.monitor.fs.FsService.lambda$new$1(FsService.java:57) [elasticsearch-7.17.15.jar:7.17.15]
	at org.elasticsearch.monitor.fs.FsService.stats(FsService.java:67) [elasticsearch-7.17.15.jar:7.17.15]
	at org.elasticsearch.node.NodeService.stats(NodeService.java:154) [elasticsearch-7.17.15.jar:7.17.15]
	at org.elasticsearch.action.admin.cluster.node.stats.TransportNodesStatsAction.nodeOperation(TransportNodesStatsAction.java:87) [elasticsearch-7.17.15.jar:7.17.15]
	at org.elasticsearch.action.admin.cluster.node.stats.TransportNodesStatsAction.nodeOperation(TransportNodesStatsAction.java:80) [elasticsearch-7.17.15.jar:7.17.15]
	at org.elasticsearch.action.admin.cluster.node.stats.TransportNodesStatsAction.nodeOperation(TransportNodesStatsAction.java:32) [elasticsearch-7.17.15.jar:7.17.15]
	at org.elasticsearch.action.support.nodes.TransportNodesAction$NodeTransportHandler.messageReceived(TransportNodesAction.java:333) [elasticsearch-7.17.15.jar:7.17.15]
	at org.elasticsearch.action.support.nodes.TransportNodesAction$NodeTransportHandler.messageReceived(TransportNodesAction.java:327) [elasticsearch-7.17.15.jar:7.17.15]
	at org.elasticsearch.transport.RequestHandlerRegistry.processMessageReceived(RequestHandlerRegistry.java:67) [elasticsearch-7.17.15.jar:7.17.15]
	at org.elasticsearch.transport.TransportService$6.doRun(TransportService.java:1045) [elasticsearch-7.17.15.jar:7.17.15]
	at org.elasticsearch.common.util.concurrent.ThreadContext$ContextPreservingAbstractRunnable.doRun(ThreadContext.java:777) [elasticsearch-7.17.15.jar:7.17.15]
	at org.elasticsearch.common.util.concurrent.AbstractRunnable.run(AbstractRunnable.java:26) [elasticsearch-7.17.15.jar:7.17.15]
	at java.util.concurrent.ThreadPoolExecutor.runWorker(Unknown Source) [?:?]
	at java.util.concurrent.ThreadPoolExecutor$Worker.run(Unknown Source) [?:?]
	at java.lang.Thread.run(Unknown Source) [?:?]
2025.11.20 08:44:31 WARN  es[][o.e.c.InternalClusterInfoService] failed to retrieve stats for node [H-vh3tNWQx2x0CdMTrSU8g]: [sonarqube][127.0.0.1:38875][cluster:monitor/nodes/stats[n]]
2025.11.20 08:45:01 WARN  es[][o.e.e.NodeEnvironment] lock assertion failed
java.nio.file.NoSuchFileException: /opt/sonarqube/data/es7/nodes/0/node.lock
	at sun.nio.fs.UnixException.translateToIOException(Unknown Source) ~[?:?]
	at sun.nio.fs.UnixException.rethrowAsIOException(Unknown Source) ~[?:?]
	at sun.nio.fs.UnixException.rethrowAsIOException(Unknown Source) ~[?:?]
	at sun.nio.fs.UnixFileAttributeViews$Basic.readAttributes(Unknown Source) ~[?:?]
	at sun.nio.fs.UnixFileSystemProvider.readAttributes(Unknown Source) ~[?:?]
	at sun.nio.fs.LinuxFileSystemProvider.readAttributes(Unknown Source) ~[?:?]
	at java.nio.file.Files.readAttributes(Unknown Source) ~[?:?]
	at org.apache.lucene.store.NativeFSLockFactory$NativeFSLock.ensureValid(NativeFSLockFactory.java:189) ~[lucene-core-8.11.1.jar:8.11.1 0b002b11819df70783e83ef36b42ed1223c14b50 - janhoy - 2021-12-14 13:46:43]
	at org.elasticsearch.env.NodeEnvironment.assertEnvIsLocked(NodeEnvironment.java:1105) [elasticsearch-7.17.15.jar:7.17.15]
	at org.elasticsearch.env.NodeEnvironment.dataPaths(NodeEnvironment.java:897) [elasticsearch-7.17.15.jar:7.17.15]
	at org.elasticsearch.monitor.fs.FsProbe.stats(FsProbe.java:45) [elasticsearch-7.17.15.jar:7.17.15]
	at org.elasticsearch.monitor.fs.FsService$FsInfoCache.refresh(FsService.java:93) [elasticsearch-7.17.15.jar:7.17.15]
	at org.elasticsearch.monitor.fs.FsService$FsInfoCache.refresh(FsService.java:79) [elasticsearch-7.17.15.jar:7.17.15]
	at org.elasticsearch.common.util.SingleObjectCache.getOrRefresh(SingleObjectCache.java:42) [elasticsearch-7.17.15.jar:7.17.15]
	at org.elasticsearch.monitor.fs.FsService.lambda$new$1(FsService.java:57) [elasticsearch-7.17.15.jar:7.17.15]
	at org.elasticsearch.monitor.fs.FsService.stats(FsService.java:67) [elasticsearch-7.17.15.jar:7.17.15]
	at org.elasticsearch.node.NodeService.stats(NodeService.java:154) [elasticsearch-7.17.15.jar:7.17.15]
	at org.elasticsearch.action.admin.cluster.node.stats.TransportNodesStatsAction.nodeOperation(TransportNodesStatsAction.java:87) [elasticsearch-7.17.15.jar:7.17.15]
	at org.elasticsearch.action.admin.cluster.node.stats.TransportNodesStatsAction.nodeOperation(TransportNodesStatsAction.java:80) [elasticsearch-7.17.15.jar:7.17.15]
	at org.elasticsearch.action.admin.cluster.node.stats.TransportNodesStatsAction.nodeOperation(TransportNodesStatsAction.java:32) [elasticsearch-7.17.15.jar:7.17.15]
	at org.elasticsearch.action.support.nodes.TransportNodesAction$NodeTransportHandler.messageReceived(TransportNodesAction.java:333) [elasticsearch-7.17.15.jar:7.17.15]
	at org.elasticsearch.action.support.nodes.TransportNodesAction$NodeTransportHandler.messageReceived(TransportNodesAction.java:327) [elasticsearch-7.17.15.jar:7.17.15]
	at org.elasticsearch.transport.RequestHandlerRegistry.processMessageReceived(RequestHandlerRegistry.java:67) [elasticsearch-7.17.15.jar:7.17.15]
	at org.elasticsearch.transport.TransportService$6.doRun(TransportService.java:1045) [elasticsearch-7.17.15.jar:7.17.15]
	at org.elasticsearch.common.util.concurrent.ThreadContext$ContextPreservingAbstractRunnable.doRun(ThreadContext.java:777) [elasticsearch-7.17.15.jar:7.17.15]
	at org.elasticsearch.common.util.concurrent.AbstractRunnable.run(AbstractRunnable.java:26) [elasticsearch-7.17.15.jar:7.17.15]
	at java.util.concurrent.ThreadPoolExecutor.runWorker(Unknown Source) [?:?]
	at java.util.concurrent.ThreadPoolExecutor$Worker.run(Unknown Source) [?:?]
	at java.lang.Thread.run(Unknown Source) [?:?]
2025.11.20 08:45:01 WARN  es[][o.e.c.InternalClusterInfoService] failed to retrieve stats for node [H-vh3tNWQx2x0CdMTrSU8g]: [sonarqube][127.0.0.1:38875][cluster:monitor/nodes/stats[n]]
2025.11.20 08:45:31 WARN  es[][o.e.e.NodeEnvironment] lock assertion failed
java.nio.file.NoSuchFileException: /opt/sonarqube/data/es7/nodes/0/node.lock
	at sun.nio.fs.UnixException.translateToIOException(Unknown Source) ~[?:?]
	at sun.nio.fs.UnixException.rethrowAsIOException(Unknown Source) ~[?:?]
	at sun.nio.fs.UnixException.rethrowAsIOException(Unknown Source) ~[?:?]
	at sun.nio.fs.UnixFileAttributeViews$Basic.readAttributes(Unknown Source) ~[?:?]
	at sun.nio.fs.UnixFileSystemProvider.readAttributes(Unknown Source) ~[?:?]
	at sun.nio.fs.LinuxFileSystemProvider.readAttributes(Unknown Source) ~[?:?]
	at java.nio.file.Files.readAttributes(Unknown Source) ~[?:?]
	at org.apache.lucene.store.NativeFSLockFactory$NativeFSLock.ensureValid(NativeFSLockFactory.java:189) ~[lucene-core-8.11.1.jar:8.11.1 0b002b11819df70783e83ef36b42ed1223c14b50 - janhoy - 2021-12-14 13:46:43]
	at org.elasticsearch.env.NodeEnvironment.assertEnvIsLocked(NodeEnvironment.java:1105) [elasticsearch-7.17.15.jar:7.17.15]
	at org.elasticsearch.env.NodeEnvironment.dataPaths(NodeEnvironment.java:897) [elasticsearch-7.17.15.jar:7.17.15]
	at org.elasticsearch.monitor.fs.FsProbe.stats(FsProbe.java:45) [elasticsearch-7.17.15.jar:7.17.15]
	at org.elasticsearch.monitor.fs.FsService$FsInfoCache.refresh(FsService.java:93) [elasticsearch-7.17.15.jar:7.17.15]
	at org.elasticsearch.monitor.fs.FsService$FsInfoCache.refresh(FsService.java:79) [elasticsearch-7.17.15.jar:7.17.15]
	at org.elasticsearch.common.util.SingleObjectCache.getOrRefresh(SingleObjectCache.java:42) [elasticsearch-7.17.15.jar:7.17.15]
	at org.elasticsearch.monitor.fs.FsService.lambda$new$1(FsService.java:57) [elasticsearch-7.17.15.jar:7.17.15]
	at org.elasticsearch.monitor.fs.FsService.stats(FsService.java:67) [elasticsearch-7.17.15.jar:7.17.15]
	at org.elasticsearch.node.NodeService.stats(NodeService.java:154) [elasticsearch-7.17.15.jar:7.17.15]
	at org.elasticsearch.action.admin.cluster.node.stats.TransportNodesStatsAction.nodeOperation(TransportNodesStatsAction.java:87) [elasticsearch-7.17.15.jar:7.17.15]
	at org.elasticsearch.action.admin.cluster.node.stats.TransportNodesStatsAction.nodeOperation(TransportNodesStatsAction.java:80) [elasticsearch-7.17.15.jar:7.17.15]
	at org.elasticsearch.action.admin.cluster.node.stats.TransportNodesStatsAction.nodeOperation(TransportNodesStatsAction.java:32) [elasticsearch-7.17.15.jar:7.17.15]
	at org.elasticsearch.action.support.nodes.TransportNodesAction$NodeTransportHandler.messageReceived(TransportNodesAction.java:333) [elasticsearch-7.17.15.jar:7.17.15]
	at org.elasticsearch.action.support.nodes.TransportNodesAction$NodeTransportHandler.messageReceived(TransportNodesAction.java:327) [elasticsearch-7.17.15.jar:7.17.15]
	at org.elasticsearch.transport.RequestHandlerRegistry.processMessageReceived(RequestHandlerRegistry.java:67) [elasticsearch-7.17.15.jar:7.17.15]
	at org.elasticsearch.transport.TransportService$6.doRun(TransportService.java:1045) [elasticsearch-7.17.15.jar:7.17.15]
	at org.elasticsearch.common.util.concurrent.ThreadContext$ContextPreservingAbstractRunnable.doRun(ThreadContext.java:777) [elasticsearch-7.17.15.jar:7.17.15]
	at org.elasticsearch.common.util.concurrent.AbstractRunnable.run(AbstractRunnable.java:26) [elasticsearch-7.17.15.jar:7.17.15]
	at java.util.concurrent.ThreadPoolExecutor.runWorker(Unknown Source) [?:?]
	at java.util.concurrent.ThreadPoolExecutor$Worker.run(Unknown Source) [?:?]
	at java.lang.Thread.run(Unknown Source) [?:?]
2025.11.20 08:45:31 WARN  es[][o.e.c.InternalClusterInfoService] failed to retrieve stats for node [H-vh3tNWQx2x0CdMTrSU8g]: [sonarqube][127.0.0.1:38875][cluster:monitor/nodes/stats[n]]
2025.11.20 08:46:01 WARN  es[][o.e.e.NodeEnvironment] lock assertion failed
java.nio.file.NoSuchFileException: /opt/sonarqube/data/es7/nodes/0/node.lock
	at sun.nio.fs.UnixException.translateToIOException(Unknown Source) ~[?:?]
	at sun.nio.fs.UnixException.rethrowAsIOException(Unknown Source) ~[?:?]
	at sun.nio.fs.UnixException.rethrowAsIOException(Unknown Source) ~[?:?]
	at sun.nio.fs.UnixFileAttributeViews$Basic.readAttributes(Unknown Source) ~[?:?]
	at sun.nio.fs.UnixFileSystemProvider.readAttributes(Unknown Source) ~[?:?]
	at sun.nio.fs.LinuxFileSystemProvider.readAttributes(Unknown Source) ~[?:?]
	at java.nio.file.Files.readAttributes(Unknown Source) ~[?:?]
	at org.apache.lucene.store.NativeFSLockFactory$NativeFSLock.ensureValid(NativeFSLockFactory.java:189) ~[lucene-core-8.11.1.jar:8.11.1 0b002b11819df70783e83ef36b42ed1223c14b50 - janhoy - 2021-12-14 13:46:43]
	at org.elasticsearch.env.NodeEnvironment.assertEnvIsLocked(NodeEnvironment.java:1105) [elasticsearch-7.17.15.jar:7.17.15]
	at org.elasticsearch.env.NodeEnvironment.nodeDataPaths(NodeEnvironment.java:867) [elasticsearch-7.17.15.jar:7.17.15]
	at org.elasticsearch.monitor.fs.FsHealthService$FsHealthMonitor.monitorFSHealth(FsHealthService.java:156) [elasticsearch-7.17.15.jar:7.17.15]
	at org.elasticsearch.monitor.fs.FsHealthService$FsHealthMonitor.run(FsHealthService.java:144) [elasticsearch-7.17.15.jar:7.17.15]
	at org.elasticsearch.threadpool.Scheduler$ReschedulingRunnable.doRun(Scheduler.java:214) [elasticsearch-7.17.15.jar:7.17.15]
	at org.elasticsearch.common.util.concurrent.ThreadContext$ContextPreservingAbstractRunnable.doRun(ThreadContext.java:777) [elasticsearch-7.17.15.jar:7.17.15]
	at org.elasticsearch.common.util.concurrent.AbstractRunnable.run(AbstractRunnable.java:26) [elasticsearch-7.17.15.jar:7.17.15]
	at java.util.concurrent.ThreadPoolExecutor.runWorker(Unknown Source) [?:?]
	at java.util.concurrent.ThreadPoolExecutor$Worker.run(Unknown Source) [?:?]
	at java.lang.Thread.run(Unknown Source) [?:?]
2025.11.20 08:46:01 ERROR es[][o.e.m.f.FsHealthService] health check failed
java.lang.IllegalStateException: environment is not locked
	at org.elasticsearch.env.NodeEnvironment.assertEnvIsLocked(NodeEnvironment.java:1108) ~[elasticsearch-7.17.15.jar:7.17.15]
	at org.elasticsearch.env.NodeEnvironment.nodeDataPaths(NodeEnvironment.java:867) ~[elasticsearch-7.17.15.jar:7.17.15]
	at org.elasticsearch.monitor.fs.FsHealthService$FsHealthMonitor.monitorFSHealth(FsHealthService.java:156) [elasticsearch-7.17.15.jar:7.17.15]
	at org.elasticsearch.monitor.fs.FsHealthService$FsHealthMonitor.run(FsHealthService.java:144) [elasticsearch-7.17.15.jar:7.17.15]
	at org.elasticsearch.threadpool.Scheduler$ReschedulingRunnable.doRun(Scheduler.java:214) [elasticsearch-7.17.15.jar:7.17.15]
	at org.elasticsearch.common.util.concurrent.ThreadContext$ContextPreservingAbstractRunnable.doRun(ThreadContext.java:777) [elasticsearch-7.17.15.jar:7.17.15]
	at org.elasticsearch.common.util.concurrent.AbstractRunnable.run(AbstractRunnable.java:26) [elasticsearch-7.17.15.jar:7.17.15]
	at java.util.concurrent.ThreadPoolExecutor.runWorker(Unknown Source) [?:?]
	at java.util.concurrent.ThreadPoolExecutor$Worker.run(Unknown Source) [?:?]
	at java.lang.Thread.run(Unknown Source) [?:?]
Caused by: java.nio.file.NoSuchFileException: /opt/sonarqube/data/es7/nodes/0/node.lock
	at sun.nio.fs.UnixException.translateToIOException(Unknown Source) ~[?:?]
	at sun.nio.fs.UnixException.rethrowAsIOException(Unknown Source) ~[?:?]
	at sun.nio.fs.UnixException.rethrowAsIOException(Unknown Source) ~[?:?]
	at sun.nio.fs.UnixFileAttributeViews$Basic.readAttributes(Unknown Source) ~[?:?]
	at sun.nio.fs.UnixFileSystemProvider.readAttributes(Unknown Source) ~[?:?]
	at sun.nio.fs.LinuxFileSystemProvider.readAttributes(Unknown Source) ~[?:?]
	at java.nio.file.Files.readAttributes(Unknown Source) ~[?:?]
	at org.apache.lucene.store.NativeFSLockFactory$NativeFSLock.ensureValid(NativeFSLockFactory.java:189) ~[lucene-core-8.11.1.jar:8.11.1 0b002b11819df70783e83ef36b42ed1223c14b50 - janhoy - 2021-12-14 13:46:43]
	at org.elasticsearch.env.NodeEnvironment.assertEnvIsLocked(NodeEnvironment.java:1105) ~[elasticsearch-7.17.15.jar:7.17.15]
	... 9 more
2025.11.20 08:46:01 WARN  es[][o.e.e.NodeEnvironment] lock assertion failed
java.nio.file.NoSuchFileException: /opt/sonarqube/data/es7/nodes/0/node.lock
	at sun.nio.fs.UnixException.translateToIOException(Unknown Source) ~[?:?]
	at sun.nio.fs.UnixException.rethrowAsIOException(Unknown Source) ~[?:?]
	at sun.nio.fs.UnixException.rethrowAsIOException(Unknown Source) ~[?:?]
	at sun.nio.fs.UnixFileAttributeViews$Basic.readAttributes(Unknown Source) ~[?:?]
	at sun.nio.fs.UnixFileSystemProvider.readAttributes(Unknown Source) ~[?:?]
	at sun.nio.fs.LinuxFileSystemProvider.readAttributes(Unknown Source) ~[?:?]
	at java.nio.file.Files.readAttributes(Unknown Source) ~[?:?]
	at org.apache.lucene.store.NativeFSLockFactory$NativeFSLock.ensureValid(NativeFSLockFactory.java:189) ~[lucene-core-8.11.1.jar:8.11.1 0b002b11819df70783e83ef36b42ed1223c14b50 - janhoy - 2021-12-14 13:46:43]
	at org.elasticsearch.env.NodeEnvironment.assertEnvIsLocked(NodeEnvironment.java:1105) [elasticsearch-7.17.15.jar:7.17.15]
	at org.elasticsearch.env.NodeEnvironment.dataPaths(NodeEnvironment.java:897) [elasticsearch-7.17.15.jar:7.17.15]
	at org.elasticsearch.monitor.fs.FsProbe.stats(FsProbe.java:45) [elasticsearch-7.17.15.jar:7.17.15]
	at org.elasticsearch.monitor.fs.FsService$FsInfoCache.refresh(FsService.java:93) [elasticsearch-7.17.15.jar:7.17.15]
	at org.elasticsearch.monitor.fs.FsService$FsInfoCache.refresh(FsService.java:79) [elasticsearch-7.17.15.jar:7.17.15]
	at org.elasticsearch.common.util.SingleObjectCache.getOrRefresh(SingleObjectCache.java:42) [elasticsearch-7.17.15.jar:7.17.15]
	at org.elasticsearch.monitor.fs.FsService.lambda$new$1(FsService.java:57) [elasticsearch-7.17.15.jar:7.17.15]
	at org.elasticsearch.monitor.fs.FsService.stats(FsService.java:67) [elasticsearch-7.17.15.jar:7.17.15]
	at org.elasticsearch.node.NodeService.stats(NodeService.java:154) [elasticsearch-7.17.15.jar:7.17.15]
	at org.elasticsearch.action.admin.cluster.node.stats.TransportNodesStatsAction.nodeOperation(TransportNodesStatsAction.java:87) [elasticsearch-7.17.15.jar:7.17.15]
	at org.elasticsearch.action.admin.cluster.node.stats.TransportNodesStatsAction.nodeOperation(TransportNodesStatsAction.java:80) [elasticsearch-7.17.15.jar:7.17.15]
	at org.elasticsearch.action.admin.cluster.node.stats.TransportNodesStatsAction.nodeOperation(TransportNodesStatsAction.java:32) [elasticsearch-7.17.15.jar:7.17.15]
	at org.elasticsearch.action.support.nodes.TransportNodesAction$NodeTransportHandler.messageReceived(TransportNodesAction.java:333) [elasticsearch-7.17.15.jar:7.17.15]
	at org.elasticsearch.action.support.nodes.TransportNodesAction$NodeTransportHandler.messageReceived(TransportNodesAction.java:327) [elasticsearch-7.17.15.jar:7.17.15]
	at org.elasticsearch.transport.RequestHandlerRegistry.processMessageReceived(RequestHandlerRegistry.java:67) [elasticsearch-7.17.15.jar:7.17.15]
	at org.elasticsearch.transport.TransportService$6.doRun(TransportService.java:1045) [elasticsearch-7.17.15.jar:7.17.15]
	at org.elasticsearch.common.util.concurrent.ThreadContext$ContextPreservingAbstractRunnable.doRun(ThreadContext.java:777) [elasticsearch-7.17.15.jar:7.17.15]
	at org.elasticsearch.common.util.concurrent.AbstractRunnable.run(AbstractRunnable.java:26) [elasticsearch-7.17.15.jar:7.17.15]
	at java.util.concurrent.ThreadPoolExecutor.runWorker(Unknown Source) [?:?]
	at java.util.concurrent.ThreadPoolExecutor$Worker.run(Unknown Source) [?:?]
	at java.lang.Thread.run(Unknown Source) [?:?]
2025.11.20 08:46:01 WARN  es[][o.e.c.InternalClusterInfoService] failed to retrieve stats for node [H-vh3tNWQx2x0CdMTrSU8g]: [sonarqube][127.0.0.1:38875][cluster:monitor/nodes/stats[n]]
2025.11.20 08:46:31 WARN  es[][o.e.e.NodeEnvironment] lock assertion failed
java.nio.file.NoSuchFileException: /opt/sonarqube/data/es7/nodes/0/node.lock
	at sun.nio.fs.UnixException.translateToIOException(Unknown Source) ~[?:?]
	at sun.nio.fs.UnixException.rethrowAsIOException(Unknown Source) ~[?:?]
	at sun.nio.fs.UnixException.rethrowAsIOException(Unknown Source) ~[?:?]
	at sun.nio.fs.UnixFileAttributeViews$Basic.readAttributes(Unknown Source) ~[?:?]
	at sun.nio.fs.UnixFileSystemProvider.readAttributes(Unknown Source) ~[?:?]
	at sun.nio.fs.LinuxFileSystemProvider.readAttributes(Unknown Source) ~[?:?]
	at java.nio.file.Files.readAttributes(Unknown Source) ~[?:?]
	at org.apache.lucene.store.NativeFSLockFactory$NativeFSLock.ensureValid(NativeFSLockFactory.java:189) ~[lucene-core-8.11.1.jar:8.11.1 0b002b11819df70783e83ef36b42ed1223c14b50 - janhoy - 2021-12-14 13:46:43]
	at org.elasticsearch.env.NodeEnvironment.assertEnvIsLocked(NodeEnvironment.java:1105) [elasticsearch-7.17.15.jar:7.17.15]
	at org.elasticsearch.env.NodeEnvironment.dataPaths(NodeEnvironment.java:897) [elasticsearch-7.17.15.jar:7.17.15]
	at org.elasticsearch.monitor.fs.FsProbe.stats(FsProbe.java:45) [elasticsearch-7.17.15.jar:7.17.15]
	at org.elasticsearch.monitor.fs.FsService$FsInfoCache.refresh(FsService.java:93) [elasticsearch-7.17.15.jar:7.17.15]
	at org.elasticsearch.monitor.fs.FsService$FsInfoCache.refresh(FsService.java:79) [elasticsearch-7.17.15.jar:7.17.15]
	at org.elasticsearch.common.util.SingleObjectCache.getOrRefresh(SingleObjectCache.java:42) [elasticsearch-7.17.15.jar:7.17.15]
	at org.elasticsearch.monitor.fs.FsService.lambda$new$1(FsService.java:57) [elasticsearch-7.17.15.jar:7.17.15]
	at org.elasticsearch.monitor.fs.FsService.stats(FsService.java:67) [elasticsearch-7.17.15.jar:7.17.15]
	at org.elasticsearch.node.NodeService.stats(NodeService.java:154) [elasticsearch-7.17.15.jar:7.17.15]
	at org.elasticsearch.action.admin.cluster.node.stats.TransportNodesStatsAction.nodeOperation(TransportNodesStatsAction.java:87) [elasticsearch-7.17.15.jar:7.17.15]
	at org.elasticsearch.action.admin.cluster.node.stats.TransportNodesStatsAction.nodeOperation(TransportNodesStatsAction.java:80) [elasticsearch-7.17.15.jar:7.17.15]
	at org.elasticsearch.action.admin.cluster.node.stats.TransportNodesStatsAction.nodeOperation(TransportNodesStatsAction.java:32) [elasticsearch-7.17.15.jar:7.17.15]
	at org.elasticsearch.action.support.nodes.TransportNodesAction$NodeTransportHandler.messageReceived(TransportNodesAction.java:333) [elasticsearch-7.17.15.jar:7.17.15]
	at org.elasticsearch.action.support.nodes.TransportNodesAction$NodeTransportHandler.messageReceived(TransportNodesAction.java:327) [elasticsearch-7.17.15.jar:7.17.15]
	at org.elasticsearch.transport.RequestHandlerRegistry.processMessageReceived(RequestHandlerRegistry.java:67) [elasticsearch-7.17.15.jar:7.17.15]
	at org.elasticsearch.transport.TransportService$6.doRun(TransportService.java:1045) [elasticsearch-7.17.15.jar:7.17.15]
	at org.elasticsearch.common.util.concurrent.ThreadContext$ContextPreservingAbstractRunnable.doRun(ThreadContext.java:777) [elasticsearch-7.17.15.jar:7.17.15]
	at org.elasticsearch.common.util.concurrent.AbstractRunnable.run(AbstractRunnable.java:26) [elasticsearch-7.17.15.jar:7.17.15]
	at java.util.concurrent.ThreadPoolExecutor.runWorker(Unknown Source) [?:?]
	at java.util.concurrent.ThreadPoolExecutor$Worker.run(Unknown Source) [?:?]
	at java.lang.Thread.run(Unknown Source) [?:?]
2025.11.20 08:46:31 WARN  es[][o.e.c.InternalClusterInfoService] failed to retrieve stats for node [H-vh3tNWQx2x0CdMTrSU8g]: [sonarqube][127.0.0.1:38875][cluster:monitor/nodes/stats[n]]
2025.11.20 08:47:01 WARN  es[][o.e.e.NodeEnvironment] lock assertion failed
java.nio.file.NoSuchFileException: /opt/sonarqube/data/es7/nodes/0/node.lock
	at sun.nio.fs.UnixException.translateToIOException(Unknown Source) ~[?:?]
	at sun.nio.fs.UnixException.rethrowAsIOException(Unknown Source) ~[?:?]
	at sun.nio.fs.UnixException.rethrowAsIOException(Unknown Source) ~[?:?]
	at sun.nio.fs.UnixFileAttributeViews$Basic.readAttributes(Unknown Source) ~[?:?]
	at sun.nio.fs.UnixFileSystemProvider.readAttributes(Unknown Source) ~[?:?]
	at sun.nio.fs.LinuxFileSystemProvider.readAttributes(Unknown Source) ~[?:?]
	at java.nio.file.Files.readAttributes(Unknown Source) ~[?:?]
	at org.apache.lucene.store.NativeFSLockFactory$NativeFSLock.ensureValid(NativeFSLockFactory.java:189) ~[lucene-core-8.11.1.jar:8.11.1 0b002b11819df70783e83ef36b42ed1223c14b50 - janhoy - 2021-12-14 13:46:43]
	at org.elasticsearch.env.NodeEnvironment.assertEnvIsLocked(NodeEnvironment.java:1105) [elasticsearch-7.17.15.jar:7.17.15]
	at org.elasticsearch.env.NodeEnvironment.dataPaths(NodeEnvironment.java:897) [elasticsearch-7.17.15.jar:7.17.15]
	at org.elasticsearch.monitor.fs.FsProbe.stats(FsProbe.java:45) [elasticsearch-7.17.15.jar:7.17.15]
	at org.elasticsearch.monitor.fs.FsService$FsInfoCache.refresh(FsService.java:93) [elasticsearch-7.17.15.jar:7.17.15]
	at org.elasticsearch.monitor.fs.FsService$FsInfoCache.refresh(FsService.java:79) [elasticsearch-7.17.15.jar:7.17.15]
	at org.elasticsearch.common.util.SingleObjectCache.getOrRefresh(SingleObjectCache.java:42) [elasticsearch-7.17.15.jar:7.17.15]
	at org.elasticsearch.monitor.fs.FsService.lambda$new$1(FsService.java:57) [elasticsearch-7.17.15.jar:7.17.15]
	at org.elasticsearch.monitor.fs.FsService.stats(FsService.java:67) [elasticsearch-7.17.15.jar:7.17.15]
	at org.elasticsearch.node.NodeService.stats(NodeService.java:154) [elasticsearch-7.17.15.jar:7.17.15]
	at org.elasticsearch.action.admin.cluster.node.stats.TransportNodesStatsAction.nodeOperation(TransportNodesStatsAction.java:87) [elasticsearch-7.17.15.jar:7.17.15]
	at org.elasticsearch.action.admin.cluster.node.stats.TransportNodesStatsAction.nodeOperation(TransportNodesStatsAction.java:80) [elasticsearch-7.17.15.jar:7.17.15]
	at org.elasticsearch.action.admin.cluster.node.stats.TransportNodesStatsAction.nodeOperation(TransportNodesStatsAction.java:32) [elasticsearch-7.17.15.jar:7.17.15]
	at org.elasticsearch.action.support.nodes.TransportNodesAction$NodeTransportHandler.messageReceived(TransportNodesAction.java:333) [elasticsearch-7.17.15.jar:7.17.15]
	at org.elasticsearch.action.support.nodes.TransportNodesAction$NodeTransportHandler.messageReceived(TransportNodesAction.java:327) [elasticsearch-7.17.15.jar:7.17.15]
	at org.elasticsearch.transport.RequestHandlerRegistry.processMessageReceived(RequestHandlerRegistry.java:67) [elasticsearch-7.17.15.jar:7.17.15]
	at org.elasticsearch.transport.TransportService$6.doRun(TransportService.java:1045) [elasticsearch-7.17.15.jar:7.17.15]
	at org.elasticsearch.common.util.concurrent.ThreadContext$ContextPreservingAbstractRunnable.doRun(ThreadContext.java:777) [elasticsearch-7.17.15.jar:7.17.15]
	at org.elasticsearch.common.util.concurrent.AbstractRunnable.run(AbstractRunnable.java:26) [elasticsearch-7.17.15.jar:7.17.15]
	at java.util.concurrent.ThreadPoolExecutor.runWorker(Unknown Source) [?:?]
	at java.util.concurrent.ThreadPoolExecutor$Worker.run(Unknown Source) [?:?]
	at java.lang.Thread.run(Unknown Source) [?:?]
2025.11.20 08:47:01 WARN  es[][o.e.c.InternalClusterInfoService] failed to retrieve stats for node [H-vh3tNWQx2x0CdMTrSU8g]: [sonarqube][127.0.0.1:38875][cluster:monitor/nodes/stats[n]]
2025.11.20 08:47:31 WARN  es[][o.e.e.NodeEnvironment] lock assertion failed
java.nio.file.NoSuchFileException: /opt/sonarqube/data/es7/nodes/0/node.lock
	at sun.nio.fs.UnixException.translateToIOException(Unknown Source) ~[?:?]
	at sun.nio.fs.UnixException.rethrowAsIOException(Unknown Source) ~[?:?]
	at sun.nio.fs.UnixException.rethrowAsIOException(Unknown Source) ~[?:?]
	at sun.nio.fs.UnixFileAttributeViews$Basic.readAttributes(Unknown Source) ~[?:?]
	at sun.nio.fs.UnixFileSystemProvider.readAttributes(Unknown Source) ~[?:?]
	at sun.nio.fs.LinuxFileSystemProvider.readAttributes(Unknown Source) ~[?:?]
	at java.nio.file.Files.readAttributes(Unknown Source) ~[?:?]
	at org.apache.lucene.store.NativeFSLockFactory$NativeFSLock.ensureValid(NativeFSLockFactory.java:189) ~[lucene-core-8.11.1.jar:8.11.1 0b002b11819df70783e83ef36b42ed1223c14b50 - janhoy - 2021-12-14 13:46:43]
	at org.elasticsearch.env.NodeEnvironment.assertEnvIsLocked(NodeEnvironment.java:1105) [elasticsearch-7.17.15.jar:7.17.15]
	at org.elasticsearch.env.NodeEnvironment.dataPaths(NodeEnvironment.java:897) [elasticsearch-7.17.15.jar:7.17.15]
	at org.elasticsearch.monitor.fs.FsProbe.stats(FsProbe.java:45) [elasticsearch-7.17.15.jar:7.17.15]
	at org.elasticsearch.monitor.fs.FsService$FsInfoCache.refresh(FsService.java:93) [elasticsearch-7.17.15.jar:7.17.15]
	at org.elasticsearch.monitor.fs.FsService$FsInfoCache.refresh(FsService.java:79) [elasticsearch-7.17.15.jar:7.17.15]
	at org.elasticsearch.common.util.SingleObjectCache.getOrRefresh(SingleObjectCache.java:42) [elasticsearch-7.17.15.jar:7.17.15]
	at org.elasticsearch.monitor.fs.FsService.lambda$new$1(FsService.java:57) [elasticsearch-7.17.15.jar:7.17.15]
	at org.elasticsearch.monitor.fs.FsService.stats(FsService.java:67) [elasticsearch-7.17.15.jar:7.17.15]
	at org.elasticsearch.node.NodeService.stats(NodeService.java:154) [elasticsearch-7.17.15.jar:7.17.15]
	at org.elasticsearch.action.admin.cluster.node.stats.TransportNodesStatsAction.nodeOperation(TransportNodesStatsAction.java:87) [elasticsearch-7.17.15.jar:7.17.15]
	at org.elasticsearch.action.admin.cluster.node.stats.TransportNodesStatsAction.nodeOperation(TransportNodesStatsAction.java:80) [elasticsearch-7.17.15.jar:7.17.15]
	at org.elasticsearch.action.admin.cluster.node.stats.TransportNodesStatsAction.nodeOperation(TransportNodesStatsAction.java:32) [elasticsearch-7.17.15.jar:7.17.15]
	at org.elasticsearch.action.support.nodes.TransportNodesAction$NodeTransportHandler.messageReceived(TransportNodesAction.java:333) [elasticsearch-7.17.15.jar:7.17.15]
	at org.elasticsearch.action.support.nodes.TransportNodesAction$NodeTransportHandler.messageReceived(TransportNodesAction.java:327) [elasticsearch-7.17.15.jar:7.17.15]
	at org.elasticsearch.transport.RequestHandlerRegistry.processMessageReceived(RequestHandlerRegistry.java:67) [elasticsearch-7.17.15.jar:7.17.15]
	at org.elasticsearch.transport.TransportService$6.doRun(TransportService.java:1045) [elasticsearch-7.17.15.jar:7.17.15]
	at org.elasticsearch.common.util.concurrent.ThreadContext$ContextPreservingAbstractRunnable.doRun(ThreadContext.java:777) [elasticsearch-7.17.15.jar:7.17.15]
	at org.elasticsearch.common.util.concurrent.AbstractRunnable.run(AbstractRunnable.java:26) [elasticsearch-7.17.15.jar:7.17.15]
	at java.util.concurrent.ThreadPoolExecutor.runWorker(Unknown Source) [?:?]
	at java.util.concurrent.ThreadPoolExecutor$Worker.run(Unknown Source) [?:?]
	at java.lang.Thread.run(Unknown Source) [?:?]
2025.11.20 08:47:31 WARN  es[][o.e.c.InternalClusterInfoService] failed to retrieve stats for node [H-vh3tNWQx2x0CdMTrSU8g]: [sonarqube][127.0.0.1:38875][cluster:monitor/nodes/stats[n]]
2025.11.20 08:48:01 WARN  es[][o.e.e.NodeEnvironment] lock assertion failed
java.nio.file.NoSuchFileException: /opt/sonarqube/data/es7/nodes/0/node.lock
	at sun.nio.fs.UnixException.translateToIOException(Unknown Source) ~[?:?]
	at sun.nio.fs.UnixException.rethrowAsIOException(Unknown Source) ~[?:?]
	at sun.nio.fs.UnixException.rethrowAsIOException(Unknown Source) ~[?:?]
	at sun.nio.fs.UnixFileAttributeViews$Basic.readAttributes(Unknown Source) ~[?:?]
	at sun.nio.fs.UnixFileSystemProvider.readAttributes(Unknown Source) ~[?:?]
	at sun.nio.fs.LinuxFileSystemProvider.readAttributes(Unknown Source) ~[?:?]
	at java.nio.file.Files.readAttributes(Unknown Source) ~[?:?]
	at org.apache.lucene.store.NativeFSLockFactory$NativeFSLock.ensureValid(NativeFSLockFactory.java:189) ~[lucene-core-8.11.1.jar:8.11.1 0b002b11819df70783e83ef36b42ed1223c14b50 - janhoy - 2021-12-14 13:46:43]
	at org.elasticsearch.env.NodeEnvironment.assertEnvIsLocked(NodeEnvironment.java:1105) [elasticsearch-7.17.15.jar:7.17.15]
	at org.elasticsearch.env.NodeEnvironment.nodeDataPaths(NodeEnvironment.java:867) [elasticsearch-7.17.15.jar:7.17.15]
	at org.elasticsearch.monitor.fs.FsHealthService$FsHealthMonitor.monitorFSHealth(FsHealthService.java:156) [elasticsearch-7.17.15.jar:7.17.15]
	at org.elasticsearch.monitor.fs.FsHealthService$FsHealthMonitor.run(FsHealthService.java:144) [elasticsearch-7.17.15.jar:7.17.15]
	at org.elasticsearch.threadpool.Scheduler$ReschedulingRunnable.doRun(Scheduler.java:214) [elasticsearch-7.17.15.jar:7.17.15]
	at org.elasticsearch.common.util.concurrent.ThreadContext$ContextPreservingAbstractRunnable.doRun(ThreadContext.java:777) [elasticsearch-7.17.15.jar:7.17.15]
	at org.elasticsearch.common.util.concurrent.AbstractRunnable.run(AbstractRunnable.java:26) [elasticsearch-7.17.15.jar:7.17.15]
	at java.util.concurrent.ThreadPoolExecutor.runWorker(Unknown Source) [?:?]
	at java.util.concurrent.ThreadPoolExecutor$Worker.run(Unknown Source) [?:?]
	at java.lang.Thread.run(Unknown Source) [?:?]
2025.11.20 08:48:01 ERROR es[][o.e.m.f.FsHealthService] health check failed
java.lang.IllegalStateException: environment is not locked
	at org.elasticsearch.env.NodeEnvironment.assertEnvIsLocked(NodeEnvironment.java:1108) ~[elasticsearch-7.17.15.jar:7.17.15]
	at org.elasticsearch.env.NodeEnvironment.nodeDataPaths(NodeEnvironment.java:867) ~[elasticsearch-7.17.15.jar:7.17.15]
	at org.elasticsearch.monitor.fs.FsHealthService$FsHealthMonitor.monitorFSHealth(FsHealthService.java:156) [elasticsearch-7.17.15.jar:7.17.15]
	at org.elasticsearch.monitor.fs.FsHealthService$FsHealthMonitor.run(FsHealthService.java:144) [elasticsearch-7.17.15.jar:7.17.15]
	at org.elasticsearch.threadpool.Scheduler$ReschedulingRunnable.doRun(Scheduler.java:214) [elasticsearch-7.17.15.jar:7.17.15]
	at org.elasticsearch.common.util.concurrent.ThreadContext$ContextPreservingAbstractRunnable.doRun(ThreadContext.java:777) [elasticsearch-7.17.15.jar:7.17.15]
	at org.elasticsearch.common.util.concurrent.AbstractRunnable.run(AbstractRunnable.java:26) [elasticsearch-7.17.15.jar:7.17.15]
	at java.util.concurrent.ThreadPoolExecutor.runWorker(Unknown Source) [?:?]
	at java.util.concurrent.ThreadPoolExecutor$Worker.run(Unknown Source) [?:?]
	at java.lang.Thread.run(Unknown Source) [?:?]
Caused by: java.nio.file.NoSuchFileException: /opt/sonarqube/data/es7/nodes/0/node.lock
	at sun.nio.fs.UnixException.translateToIOException(Unknown Source) ~[?:?]
	at sun.nio.fs.UnixException.rethrowAsIOException(Unknown Source) ~[?:?]
	at sun.nio.fs.UnixException.rethrowAsIOException(Unknown Source) ~[?:?]
	at sun.nio.fs.UnixFileAttributeViews$Basic.readAttributes(Unknown Source) ~[?:?]
	at sun.nio.fs.UnixFileSystemProvider.readAttributes(Unknown Source) ~[?:?]
	at sun.nio.fs.LinuxFileSystemProvider.readAttributes(Unknown Source) ~[?:?]
	at java.nio.file.Files.readAttributes(Unknown Source) ~[?:?]
	at org.apache.lucene.store.NativeFSLockFactory$NativeFSLock.ensureValid(NativeFSLockFactory.java:189) ~[lucene-core-8.11.1.jar:8.11.1 0b002b11819df70783e83ef36b42ed1223c14b50 - janhoy - 2021-12-14 13:46:43]
	at org.elasticsearch.env.NodeEnvironment.assertEnvIsLocked(NodeEnvironment.java:1105) ~[elasticsearch-7.17.15.jar:7.17.15]
	... 9 more
2025.11.20 08:48:01 WARN  es[][o.e.e.NodeEnvironment] lock assertion failed
java.nio.file.NoSuchFileException: /opt/sonarqube/data/es7/nodes/0/node.lock
	at sun.nio.fs.UnixException.translateToIOException(Unknown Source) ~[?:?]
	at sun.nio.fs.UnixException.rethrowAsIOException(Unknown Source) ~[?:?]
	at sun.nio.fs.UnixException.rethrowAsIOException(Unknown Source) ~[?:?]
	at sun.nio.fs.UnixFileAttributeViews$Basic.readAttributes(Unknown Source) ~[?:?]
	at sun.nio.fs.UnixFileSystemProvider.readAttributes(Unknown Source) ~[?:?]
	at sun.nio.fs.LinuxFileSystemProvider.readAttributes(Unknown Source) ~[?:?]
	at java.nio.file.Files.readAttributes(Unknown Source) ~[?:?]
	at org.apache.lucene.store.NativeFSLockFactory$NativeFSLock.ensureValid(NativeFSLockFactory.java:189) ~[lucene-core-8.11.1.jar:8.11.1 0b002b11819df70783e83ef36b42ed1223c14b50 - janhoy - 2021-12-14 13:46:43]
	at org.elasticsearch.env.NodeEnvironment.assertEnvIsLocked(NodeEnvironment.java:1105) [elasticsearch-7.17.15.jar:7.17.15]
	at org.elasticsearch.env.NodeEnvironment.dataPaths(NodeEnvironment.java:897) [elasticsearch-7.17.15.jar:7.17.15]
	at org.elasticsearch.monitor.fs.FsProbe.stats(FsProbe.java:45) [elasticsearch-7.17.15.jar:7.17.15]
	at org.elasticsearch.monitor.fs.FsService$FsInfoCache.refresh(FsService.java:93) [elasticsearch-7.17.15.jar:7.17.15]
	at org.elasticsearch.monitor.fs.FsService$FsInfoCache.refresh(FsService.java:79) [elasticsearch-7.17.15.jar:7.17.15]
	at org.elasticsearch.common.util.SingleObjectCache.getOrRefresh(SingleObjectCache.java:42) [elasticsearch-7.17.15.jar:7.17.15]
	at org.elasticsearch.monitor.fs.FsService.lambda$new$1(FsService.java:57) [elasticsearch-7.17.15.jar:7.17.15]
	at org.elasticsearch.monitor.fs.FsService.stats(FsService.java:67) [elasticsearch-7.17.15.jar:7.17.15]
	at org.elasticsearch.node.NodeService.stats(NodeService.java:154) [elasticsearch-7.17.15.jar:7.17.15]
	at org.elasticsearch.action.admin.cluster.node.stats.TransportNodesStatsAction.nodeOperation(TransportNodesStatsAction.java:87) [elasticsearch-7.17.15.jar:7.17.15]
	at org.elasticsearch.action.admin.cluster.node.stats.TransportNodesStatsAction.nodeOperation(TransportNodesStatsAction.java:80) [elasticsearch-7.17.15.jar:7.17.15]
	at org.elasticsearch.action.admin.cluster.node.stats.TransportNodesStatsAction.nodeOperation(TransportNodesStatsAction.java:32) [elasticsearch-7.17.15.jar:7.17.15]
	at org.elasticsearch.action.support.nodes.TransportNodesAction$NodeTransportHandler.messageReceived(TransportNodesAction.java:333) [elasticsearch-7.17.15.jar:7.17.15]
	at org.elasticsearch.action.support.nodes.TransportNodesAction$NodeTransportHandler.messageReceived(TransportNodesAction.java:327) [elasticsearch-7.17.15.jar:7.17.15]
	at org.elasticsearch.transport.RequestHandlerRegistry.processMessageReceived(RequestHandlerRegistry.java:67) [elasticsearch-7.17.15.jar:7.17.15]
	at org.elasticsearch.transport.TransportService$6.doRun(TransportService.java:1045) [elasticsearch-7.17.15.jar:7.17.15]
	at org.elasticsearch.common.util.concurrent.ThreadContext$ContextPreservingAbstractRunnable.doRun(ThreadContext.java:777) [elasticsearch-7.17.15.jar:7.17.15]
	at org.elasticsearch.common.util.concurrent.AbstractRunnable.run(AbstractRunnable.java:26) [elasticsearch-7.17.15.jar:7.17.15]
	at java.util.concurrent.ThreadPoolExecutor.runWorker(Unknown Source) [?:?]
	at java.util.concurrent.ThreadPoolExecutor$Worker.run(Unknown Source) [?:?]
	at java.lang.Thread.run(Unknown Source) [?:?]
2025.11.20 08:48:01 WARN  es[][o.e.c.InternalClusterInfoService] failed to retrieve stats for node [H-vh3tNWQx2x0CdMTrSU8g]: [sonarqube][127.0.0.1:38875][cluster:monitor/nodes/stats[n]]
2025.11.20 08:48:16 INFO  es[][o.e.n.Node] stopping ...
2025.11.20 08:48:16 WARN  es[][o.e.i.e.Engine] failed to rollback writer on close
java.nio.file.NoSuchFileException: /opt/sonarqube/data/es7/nodes/0/indices/mYcFtVWURiOqWxDruPa3ZQ/0/index
	at sun.nio.fs.UnixException.translateToIOException(Unknown Source) ~[?:?]
	at sun.nio.fs.UnixException.rethrowAsIOException(Unknown Source) ~[?:?]
	at sun.nio.fs.UnixException.rethrowAsIOException(Unknown Source) ~[?:?]
	at sun.nio.fs.UnixFileSystemProvider.newDirectoryStream(Unknown Source) ~[?:?]
	at java.nio.file.Files.newDirectoryStream(Unknown Source) ~[?:?]
	at org.apache.lucene.store.FSDirectory.listAll(FSDirectory.java:214) ~[lucene-core-8.11.1.jar:8.11.1 0b002b11819df70783e83ef36b42ed1223c14b50 - janhoy - 2021-12-14 13:46:43]
	at org.apache.lucene.store.FSDirectory.listAll(FSDirectory.java:233) ~[lucene-core-8.11.1.jar:8.11.1 0b002b11819df70783e83ef36b42ed1223c14b50 - janhoy - 2021-12-14 13:46:43]
	at org.apache.lucene.store.FilterDirectory.listAll(FilterDirectory.java:58) ~[lucene-core-8.11.1.jar:8.11.1 0b002b11819df70783e83ef36b42ed1223c14b50 - janhoy - 2021-12-14 13:46:43]
	at org.apache.lucene.store.FilterDirectory.listAll(FilterDirectory.java:58) ~[lucene-core-8.11.1.jar:8.11.1 0b002b11819df70783e83ef36b42ed1223c14b50 - janhoy - 2021-12-14 13:46:43]
	at org.apache.lucene.store.FilterDirectory.listAll(FilterDirectory.java:58) ~[lucene-core-8.11.1.jar:8.11.1 0b002b11819df70783e83ef36b42ed1223c14b50 - janhoy - 2021-12-14 13:46:43]
	at org.apache.lucene.index.IndexFileDeleter.refresh(IndexFileDeleter.java:427) ~[lucene-core-8.11.1.jar:8.11.1 0b002b11819df70783e83ef36b42ed1223c14b50 - janhoy - 2021-12-14 13:46:43]
	at org.apache.lucene.index.IndexWriter.rollbackInternalNoCommit(IndexWriter.java:2473) ~[lucene-core-8.11.1.jar:8.11.1 0b002b11819df70783e83ef36b42ed1223c14b50 - janhoy - 2021-12-14 13:46:43]
	at org.apache.lucene.index.IndexWriter.rollbackInternal(IndexWriter.java:2409) ~[lucene-core-8.11.1.jar:8.11.1 0b002b11819df70783e83ef36b42ed1223c14b50 - janhoy - 2021-12-14 13:46:43]
	at org.apache.lucene.index.IndexWriter.rollback(IndexWriter.java:2402) ~[lucene-core-8.11.1.jar:8.11.1 0b002b11819df70783e83ef36b42ed1223c14b50 - janhoy - 2021-12-14 13:46:43]
	at org.elasticsearch.index.engine.InternalEngine.closeNoLock(InternalEngine.java:2501) [elasticsearch-7.17.15.jar:7.17.15]
	at org.elasticsearch.index.engine.Engine.close(Engine.java:1840) [elasticsearch-7.17.15.jar:7.17.15]
	at org.elasticsearch.index.engine.Engine.flushAndClose(Engine.java:1827) [elasticsearch-7.17.15.jar:7.17.15]
	at org.elasticsearch.index.shard.IndexShard.close(IndexShard.java:1727) [elasticsearch-7.17.15.jar:7.17.15]
	at org.elasticsearch.index.IndexService.closeShard(IndexService.java:559) [elasticsearch-7.17.15.jar:7.17.15]
	at org.elasticsearch.index.IndexService.removeShard(IndexService.java:539) [elasticsearch-7.17.15.jar:7.17.15]
	at org.elasticsearch.index.IndexService.close(IndexService.java:334) [elasticsearch-7.17.15.jar:7.17.15]
	at org.elasticsearch.indices.IndicesService.removeIndex(IndicesService.java:885) [elasticsearch-7.17.15.jar:7.17.15]
	at org.elasticsearch.indices.IndicesService.lambda$doStop$3(IndicesService.java:402) [elasticsearch-7.17.15.jar:7.17.15]
	at java.util.concurrent.ThreadPoolExecutor.runWorker(Unknown Source) [?:?]
	at java.util.concurrent.ThreadPoolExecutor$Worker.run(Unknown Source) [?:?]
	at java.lang.Thread.run(Unknown Source) [?:?]
2025.11.20 08:48:16 WARN  es[][o.e.i.e.Engine] failed to rollback writer on close
java.nio.file.NoSuchFileException: /opt/sonarqube/data/es7/nodes/0/indices/4t9uVCTBQ--y6otNrFjKKw/0/index
	at sun.nio.fs.UnixException.translateToIOException(Unknown Source) ~[?:?]
	at sun.nio.fs.UnixException.rethrowAsIOException(Unknown Source) ~[?:?]
	at sun.nio.fs.UnixException.rethrowAsIOException(Unknown Source) ~[?:?]
	at sun.nio.fs.UnixFileSystemProvider.newDirectoryStream(Unknown Source) ~[?:?]
	at java.nio.file.Files.newDirectoryStream(Unknown Source) ~[?:?]
	at org.apache.lucene.store.FSDirectory.listAll(FSDirectory.java:214) ~[lucene-core-8.11.1.jar:8.11.1 0b002b11819df70783e83ef36b42ed1223c14b50 - janhoy - 2021-12-14 13:46:43]
	at org.apache.lucene.store.FSDirectory.listAll(FSDirectory.java:233) ~[lucene-core-8.11.1.jar:8.11.1 0b002b11819df70783e83ef36b42ed1223c14b50 - janhoy - 2021-12-14 13:46:43]
	at org.apache.lucene.store.FilterDirectory.listAll(FilterDirectory.java:58) ~[lucene-core-8.11.1.jar:8.11.1 0b002b11819df70783e83ef36b42ed1223c14b50 - janhoy - 2021-12-14 13:46:43]
	at org.apache.lucene.store.FilterDirectory.listAll(FilterDirectory.java:58) ~[lucene-core-8.11.1.jar:8.11.1 0b002b11819df70783e83ef36b42ed1223c14b50 - janhoy - 2021-12-14 13:46:43]
	at org.apache.lucene.store.FilterDirectory.listAll(FilterDirectory.java:58) ~[lucene-core-8.11.1.jar:8.11.1 0b002b11819df70783e83ef36b42ed1223c14b50 - janhoy - 2021-12-14 13:46:43]
	at org.apache.lucene.index.IndexFileDeleter.refresh(IndexFileDeleter.java:427) ~[lucene-core-8.11.1.jar:8.11.1 0b002b11819df70783e83ef36b42ed1223c14b50 - janhoy - 2021-12-14 13:46:43]
	at org.apache.lucene.index.IndexWriter.rollbackInternalNoCommit(IndexWriter.java:2473) ~[lucene-core-8.11.1.jar:8.11.1 0b002b11819df70783e83ef36b42ed1223c14b50 - janhoy - 2021-12-14 13:46:43]
	at org.apache.lucene.index.IndexWriter.rollbackInternal(IndexWriter.java:2409) ~[lucene-core-8.11.1.jar:8.11.1 0b002b11819df70783e83ef36b42ed1223c14b50 - janhoy - 2021-12-14 13:46:43]
	at org.apache.lucene.index.IndexWriter.rollback(IndexWriter.java:2402) ~[lucene-core-8.11.1.jar:8.11.1 0b002b11819df70783e83ef36b42ed1223c14b50 - janhoy - 2021-12-14 13:46:43]
	at org.elasticsearch.index.engine.InternalEngine.closeNoLock(InternalEngine.java:2501) [elasticsearch-7.17.15.jar:7.17.15]
	at org.elasticsearch.index.engine.Engine.close(Engine.java:1840) [elasticsearch-7.17.15.jar:7.17.15]
	at org.elasticsearch.index.engine.Engine.flushAndClose(Engine.java:1827) [elasticsearch-7.17.15.jar:7.17.15]
	at org.elasticsearch.index.shard.IndexShard.close(IndexShard.java:1727) [elasticsearch-7.17.15.jar:7.17.15]
	at org.elasticsearch.index.IndexService.closeShard(IndexService.java:559) [elasticsearch-7.17.15.jar:7.17.15]
	at org.elasticsearch.index.IndexService.removeShard(IndexService.java:539) [elasticsearch-7.17.15.jar:7.17.15]
	at org.elasticsearch.index.IndexService.close(IndexService.java:334) [elasticsearch-7.17.15.jar:7.17.15]
	at org.elasticsearch.indices.IndicesService.removeIndex(IndicesService.java:885) [elasticsearch-7.17.15.jar:7.17.15]
	at org.elasticsearch.indices.IndicesService.lambda$doStop$3(IndicesService.java:402) [elasticsearch-7.17.15.jar:7.17.15]
	at java.util.concurrent.ThreadPoolExecutor.runWorker(Unknown Source) [?:?]
	at java.util.concurrent.ThreadPoolExecutor$Worker.run(Unknown Source) [?:?]
	at java.lang.Thread.run(Unknown Source) [?:?]
2025.11.20 08:48:16 WARN  es[][o.e.i.e.Engine] failed to rollback writer on close
java.nio.file.NoSuchFileException: /opt/sonarqube/data/es7/nodes/0/indices/DRJF1REhTQKO8ZgS-MlN4w/0/index
	at sun.nio.fs.UnixException.translateToIOException(Unknown Source) ~[?:?]
	at sun.nio.fs.UnixException.rethrowAsIOException(Unknown Source) ~[?:?]
	at sun.nio.fs.UnixException.rethrowAsIOException(Unknown Source) ~[?:?]
	at sun.nio.fs.UnixFileSystemProvider.newDirectoryStream(Unknown Source) ~[?:?]
	at java.nio.file.Files.newDirectoryStream(Unknown Source) ~[?:?]
	at org.apache.lucene.store.FSDirectory.listAll(FSDirectory.java:214) ~[lucene-core-8.11.1.jar:8.11.1 0b002b11819df70783e83ef36b42ed1223c14b50 - janhoy - 2021-12-14 13:46:43]
	at org.apache.lucene.store.FSDirectory.listAll(FSDirectory.java:233) ~[lucene-core-8.11.1.jar:8.11.1 0b002b11819df70783e83ef36b42ed1223c14b50 - janhoy - 2021-12-14 13:46:43]
	at org.apache.lucene.store.FilterDirectory.listAll(FilterDirectory.java:58) ~[lucene-core-8.11.1.jar:8.11.1 0b002b11819df70783e83ef36b42ed1223c14b50 - janhoy - 2021-12-14 13:46:43]
	at org.apache.lucene.store.FilterDirectory.listAll(FilterDirectory.java:58) ~[lucene-core-8.11.1.jar:8.11.1 0b002b11819df70783e83ef36b42ed1223c14b50 - janhoy - 2021-12-14 13:46:43]
	at org.apache.lucene.store.FilterDirectory.listAll(FilterDirectory.java:58) ~[lucene-core-8.11.1.jar:8.11.1 0b002b11819df70783e83ef36b42ed1223c14b50 - janhoy - 2021-12-14 13:46:43]
	at org.apache.lucene.index.IndexFileDeleter.refresh(IndexFileDeleter.java:427) ~[lucene-core-8.11.1.jar:8.11.1 0b002b11819df70783e83ef36b42ed1223c14b50 - janhoy - 2021-12-14 13:46:43]
	at org.apache.lucene.index.IndexWriter.rollbackInternalNoCommit(IndexWriter.java:2473) ~[lucene-core-8.11.1.jar:8.11.1 0b002b11819df70783e83ef36b42ed1223c14b50 - janhoy - 2021-12-14 13:46:43]
	at org.apache.lucene.index.IndexWriter.rollbackInternal(IndexWriter.java:2409) ~[lucene-core-8.11.1.jar:8.11.1 0b002b11819df70783e83ef36b42ed1223c14b50 - janhoy - 2021-12-14 13:46:43]
	at org.apache.lucene.index.IndexWriter.rollback(IndexWriter.java:2402) ~[lucene-core-8.11.1.jar:8.11.1 0b002b11819df70783e83ef36b42ed1223c14b50 - janhoy - 2021-12-14 13:46:43]
	at org.elasticsearch.index.engine.InternalEngine.closeNoLock(InternalEngine.java:2501) [elasticsearch-7.17.15.jar:7.17.15]
	at org.elasticsearch.index.engine.Engine.close(Engine.java:1840) [elasticsearch-7.17.15.jar:7.17.15]
	at org.elasticsearch.index.engine.Engine.flushAndClose(Engine.java:1827) [elasticsearch-7.17.15.jar:7.17.15]
	at org.elasticsearch.index.shard.IndexShard.close(IndexShard.java:1727) [elasticsearch-7.17.15.jar:7.17.15]
	at org.elasticsearch.index.IndexService.closeShard(IndexService.java:559) [elasticsearch-7.17.15.jar:7.17.15]
	at org.elasticsearch.index.IndexService.removeShard(IndexService.java:539) [elasticsearch-7.17.15.jar:7.17.15]
	at org.elasticsearch.index.IndexService.close(IndexService.java:334) [elasticsearch-7.17.15.jar:7.17.15]
	at org.elasticsearch.indices.IndicesService.removeIndex(IndicesService.java:885) [elasticsearch-7.17.15.jar:7.17.15]
	at org.elasticsearch.indices.IndicesService.lambda$doStop$3(IndicesService.java:402) [elasticsearch-7.17.15.jar:7.17.15]
	at java.util.concurrent.ThreadPoolExecutor.runWorker(Unknown Source) [?:?]
	at java.util.concurrent.ThreadPoolExecutor$Worker.run(Unknown Source) [?:?]
	at java.lang.Thread.run(Unknown Source) [?:?]
2025.11.20 08:48:16 WARN  es[][o.e.i.e.Engine] failed to rollback writer on close
java.nio.file.NoSuchFileException: /opt/sonarqube/data/es7/nodes/0/indices/mYcFtVWURiOqWxDruPa3ZQ/1/index
	at sun.nio.fs.UnixException.translateToIOException(Unknown Source) ~[?:?]
	at sun.nio.fs.UnixException.rethrowAsIOException(Unknown Source) ~[?:?]
	at sun.nio.fs.UnixException.rethrowAsIOException(Unknown Source) ~[?:?]
	at sun.nio.fs.UnixFileSystemProvider.newDirectoryStream(Unknown Source) ~[?:?]
	at java.nio.file.Files.newDirectoryStream(Unknown Source) ~[?:?]
	at org.apache.lucene.store.FSDirectory.listAll(FSDirectory.java:214) ~[lucene-core-8.11.1.jar:8.11.1 0b002b11819df70783e83ef36b42ed1223c14b50 - janhoy - 2021-12-14 13:46:43]
	at org.apache.lucene.store.FSDirectory.listAll(FSDirectory.java:233) ~[lucene-core-8.11.1.jar:8.11.1 0b002b11819df70783e83ef36b42ed1223c14b50 - janhoy - 2021-12-14 13:46:43]
	at org.apache.lucene.store.FilterDirectory.listAll(FilterDirectory.java:58) ~[lucene-core-8.11.1.jar:8.11.1 0b002b11819df70783e83ef36b42ed1223c14b50 - janhoy - 2021-12-14 13:46:43]
	at org.apache.lucene.store.FilterDirectory.listAll(FilterDirectory.java:58) ~[lucene-core-8.11.1.jar:8.11.1 0b002b11819df70783e83ef36b42ed1223c14b50 - janhoy - 2021-12-14 13:46:43]
	at org.apache.lucene.store.FilterDirectory.listAll(FilterDirectory.java:58) ~[lucene-core-8.11.1.jar:8.11.1 0b002b11819df70783e83ef36b42ed1223c14b50 - janhoy - 2021-12-14 13:46:43]
	at org.apache.lucene.index.IndexFileDeleter.refresh(IndexFileDeleter.java:427) ~[lucene-core-8.11.1.jar:8.11.1 0b002b11819df70783e83ef36b42ed1223c14b50 - janhoy - 2021-12-14 13:46:43]
	at org.apache.lucene.index.IndexWriter.rollbackInternalNoCommit(IndexWriter.java:2473) ~[lucene-core-8.11.1.jar:8.11.1 0b002b11819df70783e83ef36b42ed1223c14b50 - janhoy - 2021-12-14 13:46:43]
	at org.apache.lucene.index.IndexWriter.rollbackInternal(IndexWriter.java:2409) ~[lucene-core-8.11.1.jar:8.11.1 0b002b11819df70783e83ef36b42ed1223c14b50 - janhoy - 2021-12-14 13:46:43]
	at org.apache.lucene.index.IndexWriter.rollback(IndexWriter.java:2402) ~[lucene-core-8.11.1.jar:8.11.1 0b002b11819df70783e83ef36b42ed1223c14b50 - janhoy - 2021-12-14 13:46:43]
	at org.elasticsearch.index.engine.InternalEngine.closeNoLock(InternalEngine.java:2501) [elasticsearch-7.17.15.jar:7.17.15]
	at org.elasticsearch.index.engine.Engine.close(Engine.java:1840) [elasticsearch-7.17.15.jar:7.17.15]
	at org.elasticsearch.index.engine.Engine.flushAndClose(Engine.java:1827) [elasticsearch-7.17.15.jar:7.17.15]
	at org.elasticsearch.index.shard.IndexShard.close(IndexShard.java:1727) [elasticsearch-7.17.15.jar:7.17.15]
	at org.elasticsearch.index.IndexService.closeShard(IndexService.java:559) [elasticsearch-7.17.15.jar:7.17.15]
	at org.elasticsearch.index.IndexService.removeShard(IndexService.java:539) [elasticsearch-7.17.15.jar:7.17.15]
	at org.elasticsearch.index.IndexService.close(IndexService.java:334) [elasticsearch-7.17.15.jar:7.17.15]
	at org.elasticsearch.indices.IndicesService.removeIndex(IndicesService.java:885) [elasticsearch-7.17.15.jar:7.17.15]
	at org.elasticsearch.indices.IndicesService.lambda$doStop$3(IndicesService.java:402) [elasticsearch-7.17.15.jar:7.17.15]
	at java.util.concurrent.ThreadPoolExecutor.runWorker(Unknown Source) [?:?]
	at java.util.concurrent.ThreadPoolExecutor$Worker.run(Unknown Source) [?:?]
	at java.lang.Thread.run(Unknown Source) [?:?]
2025.11.20 08:48:16 WARN  es[][o.e.i.e.Engine] failed to rollback writer on close
java.nio.file.NoSuchFileException: /opt/sonarqube/data/es7/nodes/0/indices/mYcFtVWURiOqWxDruPa3ZQ/2/index
	at sun.nio.fs.UnixException.translateToIOException(Unknown Source) ~[?:?]
	at sun.nio.fs.UnixException.rethrowAsIOException(Unknown Source) ~[?:?]
	at sun.nio.fs.UnixException.rethrowAsIOException(Unknown Source) ~[?:?]
	at sun.nio.fs.UnixFileSystemProvider.newDirectoryStream(Unknown Source) ~[?:?]
	at java.nio.file.Files.newDirectoryStream(Unknown Source) ~[?:?]
	at org.apache.lucene.store.FSDirectory.listAll(FSDirectory.java:214) ~[lucene-core-8.11.1.jar:8.11.1 0b002b11819df70783e83ef36b42ed1223c14b50 - janhoy - 2021-12-14 13:46:43]
	at org.apache.lucene.store.FSDirectory.listAll(FSDirectory.java:233) ~[lucene-core-8.11.1.jar:8.11.1 0b002b11819df70783e83ef36b42ed1223c14b50 - janhoy - 2021-12-14 13:46:43]
	at org.apache.lucene.store.FilterDirectory.listAll(FilterDirectory.java:58) ~[lucene-core-8.11.1.jar:8.11.1 0b002b11819df70783e83ef36b42ed1223c14b50 - janhoy - 2021-12-14 13:46:43]
	at org.apache.lucene.store.FilterDirectory.listAll(FilterDirectory.java:58) ~[lucene-core-8.11.1.jar:8.11.1 0b002b11819df70783e83ef36b42ed1223c14b50 - janhoy - 2021-12-14 13:46:43]
	at org.apache.lucene.store.FilterDirectory.listAll(FilterDirectory.java:58) ~[lucene-core-8.11.1.jar:8.11.1 0b002b11819df70783e83ef36b42ed1223c14b50 - janhoy - 2021-12-14 13:46:43]
	at org.apache.lucene.index.IndexFileDeleter.refresh(IndexFileDeleter.java:427) ~[lucene-core-8.11.1.jar:8.11.1 0b002b11819df70783e83ef36b42ed1223c14b50 - janhoy - 2021-12-14 13:46:43]
	at org.apache.lucene.index.IndexWriter.rollbackInternalNoCommit(IndexWriter.java:2473) ~[lucene-core-8.11.1.jar:8.11.1 0b002b11819df70783e83ef36b42ed1223c14b50 - janhoy - 2021-12-14 13:46:43]
	at org.apache.lucene.index.IndexWriter.rollbackInternal(IndexWriter.java:2409) ~[lucene-core-8.11.1.jar:8.11.1 0b002b11819df70783e83ef36b42ed1223c14b50 - janhoy - 2021-12-14 13:46:43]
	at org.apache.lucene.index.IndexWriter.rollback(IndexWriter.java:2402) ~[lucene-core-8.11.1.jar:8.11.1 0b002b11819df70783e83ef36b42ed1223c14b50 - janhoy - 2021-12-14 13:46:43]
	at org.elasticsearch.index.engine.InternalEngine.closeNoLock(InternalEngine.java:2501) [elasticsearch-7.17.15.jar:7.17.15]
	at org.elasticsearch.index.engine.Engine.close(Engine.java:1840) [elasticsearch-7.17.15.jar:7.17.15]
	at org.elasticsearch.index.engine.Engine.flushAndClose(Engine.java:1827) [elasticsearch-7.17.15.jar:7.17.15]
	at org.elasticsearch.index.shard.IndexShard.close(IndexShard.java:1727) [elasticsearch-7.17.15.jar:7.17.15]
	at org.elasticsearch.index.IndexService.closeShard(IndexService.java:559) [elasticsearch-7.17.15.jar:7.17.15]
	at org.elasticsearch.index.IndexService.removeShard(IndexService.java:539) [elasticsearch-7.17.15.jar:7.17.15]
	at org.elasticsearch.index.IndexService.close(IndexService.java:334) [elasticsearch-7.17.15.jar:7.17.15]
	at org.elasticsearch.indices.IndicesService.removeIndex(IndicesService.java:885) [elasticsearch-7.17.15.jar:7.17.15]
	at org.elasticsearch.indices.IndicesService.lambda$doStop$3(IndicesService.java:402) [elasticsearch-7.17.15.jar:7.17.15]
	at java.util.concurrent.ThreadPoolExecutor.runWorker(Unknown Source) [?:?]
	at java.util.concurrent.ThreadPoolExecutor$Worker.run(Unknown Source) [?:?]
	at java.lang.Thread.run(Unknown Source) [?:?]
2025.11.20 08:48:16 WARN  es[][o.e.i.e.Engine] failed to rollback writer on close
java.nio.file.NoSuchFileException: /opt/sonarqube/data/es7/nodes/0/indices/4t9uVCTBQ--y6otNrFjKKw/1/index
	at sun.nio.fs.UnixException.translateToIOException(Unknown Source) ~[?:?]
	at sun.nio.fs.UnixException.rethrowAsIOException(Unknown Source) ~[?:?]
	at sun.nio.fs.UnixException.rethrowAsIOException(Unknown Source) ~[?:?]
	at sun.nio.fs.UnixFileSystemProvider.newDirectoryStream(Unknown Source) ~[?:?]
	at java.nio.file.Files.newDirectoryStream(Unknown Source) ~[?:?]
	at org.apache.lucene.store.FSDirectory.listAll(FSDirectory.java:214) ~[lucene-core-8.11.1.jar:8.11.1 0b002b11819df70783e83ef36b42ed1223c14b50 - janhoy - 2021-12-14 13:46:43]
	at org.apache.lucene.store.FSDirectory.listAll(FSDirectory.java:233) ~[lucene-core-8.11.1.jar:8.11.1 0b002b11819df70783e83ef36b42ed1223c14b50 - janhoy - 2021-12-14 13:46:43]
	at org.apache.lucene.store.FilterDirectory.listAll(FilterDirectory.java:58) ~[lucene-core-8.11.1.jar:8.11.1 0b002b11819df70783e83ef36b42ed1223c14b50 - janhoy - 2021-12-14 13:46:43]
	at org.apache.lucene.store.FilterDirectory.listAll(FilterDirectory.java:58) ~[lucene-core-8.11.1.jar:8.11.1 0b002b11819df70783e83ef36b42ed1223c14b50 - janhoy - 2021-12-14 13:46:43]
	at org.apache.lucene.store.FilterDirectory.listAll(FilterDirectory.java:58) ~[lucene-core-8.11.1.jar:8.11.1 0b002b11819df70783e83ef36b42ed1223c14b50 - janhoy - 2021-12-14 13:46:43]
	at org.apache.lucene.index.IndexFileDeleter.refresh(IndexFileDeleter.java:427) ~[lucene-core-8.11.1.jar:8.11.1 0b002b11819df70783e83ef36b42ed1223c14b50 - janhoy - 2021-12-14 13:46:43]
	at org.apache.lucene.index.IndexWriter.rollbackInternalNoCommit(IndexWriter.java:2473) ~[lucene-core-8.11.1.jar:8.11.1 0b002b11819df70783e83ef36b42ed1223c14b50 - janhoy - 2021-12-14 13:46:43]
	at org.apache.lucene.index.IndexWriter.rollbackInternal(IndexWriter.java:2409) ~[lucene-core-8.11.1.jar:8.11.1 0b002b11819df70783e83ef36b42ed1223c14b50 - janhoy - 2021-12-14 13:46:43]
	at org.apache.lucene.index.IndexWriter.rollback(IndexWriter.java:2402) ~[lucene-core-8.11.1.jar:8.11.1 0b002b11819df70783e83ef36b42ed1223c14b50 - janhoy - 2021-12-14 13:46:43]
	at org.elasticsearch.index.engine.InternalEngine.closeNoLock(InternalEngine.java:2501) [elasticsearch-7.17.15.jar:7.17.15]
	at org.elasticsearch.index.engine.Engine.close(Engine.java:1840) [elasticsearch-7.17.15.jar:7.17.15]
	at org.elasticsearch.index.engine.Engine.flushAndClose(Engine.java:1827) [elasticsearch-7.17.15.jar:7.17.15]
	at org.elasticsearch.index.shard.IndexShard.close(IndexShard.java:1727) [elasticsearch-7.17.15.jar:7.17.15]
	at org.elasticsearch.index.IndexService.closeShard(IndexService.java:559) [elasticsearch-7.17.15.jar:7.17.15]
	at org.elasticsearch.index.IndexService.removeShard(IndexService.java:539) [elasticsearch-7.17.15.jar:7.17.15]
	at org.elasticsearch.index.IndexService.close(IndexService.java:334) [elasticsearch-7.17.15.jar:7.17.15]
	at org.elasticsearch.indices.IndicesService.removeIndex(IndicesService.java:885) [elasticsearch-7.17.15.jar:7.17.15]
	at org.elasticsearch.indices.IndicesService.lambda$doStop$3(IndicesService.java:402) [elasticsearch-7.17.15.jar:7.17.15]
	at java.util.concurrent.ThreadPoolExecutor.runWorker(Unknown Source) [?:?]
	at java.util.concurrent.ThreadPoolExecutor$Worker.run(Unknown Source) [?:?]
	at java.lang.Thread.run(Unknown Source) [?:?]
2025.11.20 08:48:16 WARN  es[][o.e.i.e.Engine] failed to rollback writer on close
java.nio.file.NoSuchFileException: /opt/sonarqube/data/es7/nodes/0/indices/DRJF1REhTQKO8ZgS-MlN4w/1/index
	at sun.nio.fs.UnixException.translateToIOException(Unknown Source) ~[?:?]
	at sun.nio.fs.UnixException.rethrowAsIOException(Unknown Source) ~[?:?]
	at sun.nio.fs.UnixException.rethrowAsIOException(Unknown Source) ~[?:?]
	at sun.nio.fs.UnixFileSystemProvider.newDirectoryStream(Unknown Source) ~[?:?]
	at java.nio.file.Files.newDirectoryStream(Unknown Source) ~[?:?]
	at org.apache.lucene.store.FSDirectory.listAll(FSDirectory.java:214) ~[lucene-core-8.11.1.jar:8.11.1 0b002b11819df70783e83ef36b42ed1223c14b50 - janhoy - 2021-12-14 13:46:43]
	at org.apache.lucene.store.FSDirectory.listAll(FSDirectory.java:233) ~[lucene-core-8.11.1.jar:8.11.1 0b002b11819df70783e83ef36b42ed1223c14b50 - janhoy - 2021-12-14 13:46:43]
	at org.apache.lucene.store.FilterDirectory.listAll(FilterDirectory.java:58) ~[lucene-core-8.11.1.jar:8.11.1 0b002b11819df70783e83ef36b42ed1223c14b50 - janhoy - 2021-12-14 13:46:43]
	at org.apache.lucene.store.FilterDirectory.listAll(FilterDirectory.java:58) ~[lucene-core-8.11.1.jar:8.11.1 0b002b11819df70783e83ef36b42ed1223c14b50 - janhoy - 2021-12-14 13:46:43]
	at org.apache.lucene.store.FilterDirectory.listAll(FilterDirectory.java:58) ~[lucene-core-8.11.1.jar:8.11.1 0b002b11819df70783e83ef36b42ed1223c14b50 - janhoy - 2021-12-14 13:46:43]
	at org.apache.lucene.index.IndexFileDeleter.refresh(IndexFileDeleter.java:427) ~[lucene-core-8.11.1.jar:8.11.1 0b002b11819df70783e83ef36b42ed1223c14b50 - janhoy - 2021-12-14 13:46:43]
	at org.apache.lucene.index.IndexWriter.rollbackInternalNoCommit(IndexWriter.java:2473) ~[lucene-core-8.11.1.jar:8.11.1 0b002b11819df70783e83ef36b42ed1223c14b50 - janhoy - 2021-12-14 13:46:43]
	at org.apache.lucene.index.IndexWriter.rollbackInternal(IndexWriter.java:2409) ~[lucene-core-8.11.1.jar:8.11.1 0b002b11819df70783e83ef36b42ed1223c14b50 - janhoy - 2021-12-14 13:46:43]
	at org.apache.lucene.index.IndexWriter.rollback(IndexWriter.java:2402) ~[lucene-core-8.11.1.jar:8.11.1 0b002b11819df70783e83ef36b42ed1223c14b50 - janhoy - 2021-12-14 13:46:43]
	at org.elasticsearch.index.engine.InternalEngine.closeNoLock(InternalEngine.java:2501) [elasticsearch-7.17.15.jar:7.17.15]
	at org.elasticsearch.index.engine.Engine.close(Engine.java:1840) [elasticsearch-7.17.15.jar:7.17.15]
	at org.elasticsearch.index.engine.Engine.flushAndClose(Engine.java:1827) [elasticsearch-7.17.15.jar:7.17.15]
	at org.elasticsearch.index.shard.IndexShard.close(IndexShard.java:1727) [elasticsearch-7.17.15.jar:7.17.15]
	at org.elasticsearch.index.IndexService.closeShard(IndexService.java:559) [elasticsearch-7.17.15.jar:7.17.15]
	at org.elasticsearch.index.IndexService.removeShard(IndexService.java:539) [elasticsearch-7.17.15.jar:7.17.15]
	at org.elasticsearch.index.IndexService.close(IndexService.java:334) [elasticsearch-7.17.15.jar:7.17.15]
	at org.elasticsearch.indices.IndicesService.removeIndex(IndicesService.java:885) [elasticsearch-7.17.15.jar:7.17.15]
	at org.elasticsearch.indices.IndicesService.lambda$doStop$3(IndicesService.java:402) [elasticsearch-7.17.15.jar:7.17.15]
	at java.util.concurrent.ThreadPoolExecutor.runWorker(Unknown Source) [?:?]
	at java.util.concurrent.ThreadPoolExecutor$Worker.run(Unknown Source) [?:?]
	at java.lang.Thread.run(Unknown Source) [?:?]
2025.11.20 08:48:16 WARN  es[][o.e.i.e.Engine] failed to rollback writer on close
java.nio.file.NoSuchFileException: /opt/sonarqube/data/es7/nodes/0/indices/mYcFtVWURiOqWxDruPa3ZQ/3/index
	at sun.nio.fs.UnixException.translateToIOException(Unknown Source) ~[?:?]
	at sun.nio.fs.UnixException.rethrowAsIOException(Unknown Source) ~[?:?]
	at sun.nio.fs.UnixException.rethrowAsIOException(Unknown Source) ~[?:?]
	at sun.nio.fs.UnixFileSystemProvider.newDirectoryStream(Unknown Source) ~[?:?]
	at java.nio.file.Files.newDirectoryStream(Unknown Source) ~[?:?]
	at org.apache.lucene.store.FSDirectory.listAll(FSDirectory.java:214) ~[lucene-core-8.11.1.jar:8.11.1 0b002b11819df70783e83ef36b42ed1223c14b50 - janhoy - 2021-12-14 13:46:43]
	at org.apache.lucene.store.FSDirectory.listAll(FSDirectory.java:233) ~[lucene-core-8.11.1.jar:8.11.1 0b002b11819df70783e83ef36b42ed1223c14b50 - janhoy - 2021-12-14 13:46:43]
	at org.apache.lucene.store.FilterDirectory.listAll(FilterDirectory.java:58) ~[lucene-core-8.11.1.jar:8.11.1 0b002b11819df70783e83ef36b42ed1223c14b50 - janhoy - 2021-12-14 13:46:43]
	at org.apache.lucene.store.FilterDirectory.listAll(FilterDirectory.java:58) ~[lucene-core-8.11.1.jar:8.11.1 0b002b11819df70783e83ef36b42ed1223c14b50 - janhoy - 2021-12-14 13:46:43]
	at org.apache.lucene.store.FilterDirectory.listAll(FilterDirectory.java:58) ~[lucene-core-8.11.1.jar:8.11.1 0b002b11819df70783e83ef36b42ed1223c14b50 - janhoy - 2021-12-14 13:46:43]
	at org.apache.lucene.index.IndexFileDeleter.refresh(IndexFileDeleter.java:427) ~[lucene-core-8.11.1.jar:8.11.1 0b002b11819df70783e83ef36b42ed1223c14b50 - janhoy - 2021-12-14 13:46:43]
	at org.apache.lucene.index.IndexWriter.rollbackInternalNoCommit(IndexWriter.java:2473) ~[lucene-core-8.11.1.jar:8.11.1 0b002b11819df70783e83ef36b42ed1223c14b50 - janhoy - 2021-12-14 13:46:43]
	at org.apache.lucene.index.IndexWriter.rollbackInternal(IndexWriter.java:2409) ~[lucene-core-8.11.1.jar:8.11.1 0b002b11819df70783e83ef36b42ed1223c14b50 - janhoy - 2021-12-14 13:46:43]
	at org.apache.lucene.index.IndexWriter.rollback(IndexWriter.java:2402) ~[lucene-core-8.11.1.jar:8.11.1 0b002b11819df70783e83ef36b42ed1223c14b50 - janhoy - 2021-12-14 13:46:43]
	at org.elasticsearch.index.engine.InternalEngine.closeNoLock(InternalEngine.java:2501) [elasticsearch-7.17.15.jar:7.17.15]
	at org.elasticsearch.index.engine.Engine.close(Engine.java:1840) [elasticsearch-7.17.15.jar:7.17.15]
	at org.elasticsearch.index.engine.Engine.flushAndClose(Engine.java:1827) [elasticsearch-7.17.15.jar:7.17.15]
	at org.elasticsearch.index.shard.IndexShard.close(IndexShard.java:1727) [elasticsearch-7.17.15.jar:7.17.15]
	at org.elasticsearch.index.IndexService.closeShard(IndexService.java:559) [elasticsearch-7.17.15.jar:7.17.15]
	at org.elasticsearch.index.IndexService.removeShard(IndexService.java:539) [elasticsearch-7.17.15.jar:7.17.15]
	at org.elasticsearch.index.IndexService.close(IndexService.java:334) [elasticsearch-7.17.15.jar:7.17.15]
	at org.elasticsearch.indices.IndicesService.removeIndex(IndicesService.java:885) [elasticsearch-7.17.15.jar:7.17.15]
	at org.elasticsearch.indices.IndicesService.lambda$doStop$3(IndicesService.java:402) [elasticsearch-7.17.15.jar:7.17.15]
	at java.util.concurrent.ThreadPoolExecutor.runWorker(Unknown Source) [?:?]
	at java.util.concurrent.ThreadPoolExecutor$Worker.run(Unknown Source) [?:?]
	at java.lang.Thread.run(Unknown Source) [?:?]
2025.11.20 08:48:16 WARN  es[][o.e.i.e.Engine] failed to rollback writer on close
java.nio.file.NoSuchFileException: /opt/sonarqube/data/es7/nodes/0/indices/mYcFtVWURiOqWxDruPa3ZQ/4/index
	at sun.nio.fs.UnixException.translateToIOException(Unknown Source) ~[?:?]
	at sun.nio.fs.UnixException.rethrowAsIOException(Unknown Source) ~[?:?]
	at sun.nio.fs.UnixException.rethrowAsIOException(Unknown Source) ~[?:?]
	at sun.nio.fs.UnixFileSystemProvider.newDirectoryStream(Unknown Source) ~[?:?]
	at java.nio.file.Files.newDirectoryStream(Unknown Source) ~[?:?]
	at org.apache.lucene.store.FSDirectory.listAll(FSDirectory.java:214) ~[lucene-core-8.11.1.jar:8.11.1 0b002b11819df70783e83ef36b42ed1223c14b50 - janhoy - 2021-12-14 13:46:43]
	at org.apache.lucene.store.FSDirectory.listAll(FSDirectory.java:233) ~[lucene-core-8.11.1.jar:8.11.1 0b002b11819df70783e83ef36b42ed1223c14b50 - janhoy - 2021-12-14 13:46:43]
	at org.apache.lucene.store.FilterDirectory.listAll(FilterDirectory.java:58) ~[lucene-core-8.11.1.jar:8.11.1 0b002b11819df70783e83ef36b42ed1223c14b50 - janhoy - 2021-12-14 13:46:43]
	at org.apache.lucene.store.FilterDirectory.listAll(FilterDirectory.java:58) ~[lucene-core-8.11.1.jar:8.11.1 0b002b11819df70783e83ef36b42ed1223c14b50 - janhoy - 2021-12-14 13:46:43]
	at org.apache.lucene.store.FilterDirectory.listAll(FilterDirectory.java:58) ~[lucene-core-8.11.1.jar:8.11.1 0b002b11819df70783e83ef36b42ed1223c14b50 - janhoy - 2021-12-14 13:46:43]
	at org.apache.lucene.index.IndexFileDeleter.refresh(IndexFileDeleter.java:427) ~[lucene-core-8.11.1.jar:8.11.1 0b002b11819df70783e83ef36b42ed1223c14b50 - janhoy - 2021-12-14 13:46:43]
	at org.apache.lucene.index.IndexWriter.rollbackInternalNoCommit(IndexWriter.java:2473) ~[lucene-core-8.11.1.jar:8.11.1 0b002b11819df70783e83ef36b42ed1223c14b50 - janhoy - 2021-12-14 13:46:43]
	at org.apache.lucene.index.IndexWriter.rollbackInternal(IndexWriter.java:2409) ~[lucene-core-8.11.1.jar:8.11.1 0b002b11819df70783e83ef36b42ed1223c14b50 - janhoy - 2021-12-14 13:46:43]
	at org.apache.lucene.index.IndexWriter.rollback(IndexWriter.java:2402) ~[lucene-core-8.11.1.jar:8.11.1 0b002b11819df70783e83ef36b42ed1223c14b50 - janhoy - 2021-12-14 13:46:43]
	at org.elasticsearch.index.engine.InternalEngine.closeNoLock(InternalEngine.java:2501) [elasticsearch-7.17.15.jar:7.17.15]
	at org.elasticsearch.index.engine.Engine.close(Engine.java:1840) [elasticsearch-7.17.15.jar:7.17.15]
	at org.elasticsearch.index.engine.Engine.flushAndClose(Engine.java:1827) [elasticsearch-7.17.15.jar:7.17.15]
	at org.elasticsearch.index.shard.IndexShard.close(IndexShard.java:1727) [elasticsearch-7.17.15.jar:7.17.15]
	at org.elasticsearch.index.IndexService.closeShard(IndexService.java:559) [elasticsearch-7.17.15.jar:7.17.15]
	at org.elasticsearch.index.IndexService.removeShard(IndexService.java:539) [elasticsearch-7.17.15.jar:7.17.15]
	at org.elasticsearch.index.IndexService.close(IndexService.java:334) [elasticsearch-7.17.15.jar:7.17.15]
	at org.elasticsearch.indices.IndicesService.removeIndex(IndicesService.java:885) [elasticsearch-7.17.15.jar:7.17.15]
	at org.elasticsearch.indices.IndicesService.lambda$doStop$3(IndicesService.java:402) [elasticsearch-7.17.15.jar:7.17.15]
	at java.util.concurrent.ThreadPoolExecutor.runWorker(Unknown Source) [?:?]
	at java.util.concurrent.ThreadPoolExecutor$Worker.run(Unknown Source) [?:?]
	at java.lang.Thread.run(Unknown Source) [?:?]
2025.11.20 08:48:16 WARN  es[][o.e.i.e.Engine] failed to rollback writer on close
java.nio.file.NoSuchFileException: /opt/sonarqube/data/es7/nodes/0/indices/4t9uVCTBQ--y6otNrFjKKw/2/index
	at sun.nio.fs.UnixException.translateToIOException(Unknown Source) ~[?:?]
	at sun.nio.fs.UnixException.rethrowAsIOException(Unknown Source) ~[?:?]
	at sun.nio.fs.UnixException.rethrowAsIOException(Unknown Source) ~[?:?]
	at sun.nio.fs.UnixFileSystemProvider.newDirectoryStream(Unknown Source) ~[?:?]
	at java.nio.file.Files.newDirectoryStream(Unknown Source) ~[?:?]
	at org.apache.lucene.store.FSDirectory.listAll(FSDirectory.java:214) ~[lucene-core-8.11.1.jar:8.11.1 0b002b11819df70783e83ef36b42ed1223c14b50 - janhoy - 2021-12-14 13:46:43]
	at org.apache.lucene.store.FSDirectory.listAll(FSDirectory.java:233) ~[lucene-core-8.11.1.jar:8.11.1 0b002b11819df70783e83ef36b42ed1223c14b50 - janhoy - 2021-12-14 13:46:43]
	at org.apache.lucene.store.FilterDirectory.listAll(FilterDirectory.java:58) ~[lucene-core-8.11.1.jar:8.11.1 0b002b11819df70783e83ef36b42ed1223c14b50 - janhoy - 2021-12-14 13:46:43]
	at org.apache.lucene.store.FilterDirectory.listAll(FilterDirectory.java:58) ~[lucene-core-8.11.1.jar:8.11.1 0b002b11819df70783e83ef36b42ed1223c14b50 - janhoy - 2021-12-14 13:46:43]
	at org.apache.lucene.store.FilterDirectory.listAll(FilterDirectory.java:58) ~[lucene-core-8.11.1.jar:8.11.1 0b002b11819df70783e83ef36b42ed1223c14b50 - janhoy - 2021-12-14 13:46:43]
	at org.apache.lucene.index.IndexFileDeleter.refresh(IndexFileDeleter.java:427) ~[lucene-core-8.11.1.jar:8.11.1 0b002b11819df70783e83ef36b42ed1223c14b50 - janhoy - 2021-12-14 13:46:43]
	at org.apache.lucene.index.IndexWriter.rollbackInternalNoCommit(IndexWriter.java:2473) ~[lucene-core-8.11.1.jar:8.11.1 0b002b11819df70783e83ef36b42ed1223c14b50 - janhoy - 2021-12-14 13:46:43]
	at org.apache.lucene.index.IndexWriter.rollbackInternal(IndexWriter.java:2409) ~[lucene-core-8.11.1.jar:8.11.1 0b002b11819df70783e83ef36b42ed1223c14b50 - janhoy - 2021-12-14 13:46:43]
	at org.apache.lucene.index.IndexWriter.rollback(IndexWriter.java:2402) ~[lucene-core-8.11.1.jar:8.11.1 0b002b11819df70783e83ef36b42ed1223c14b50 - janhoy - 2021-12-14 13:46:43]
	at org.elasticsearch.index.engine.InternalEngine.closeNoLock(InternalEngine.java:2501) [elasticsearch-7.17.15.jar:7.17.15]
	at org.elasticsearch.index.engine.Engine.close(Engine.java:1840) [elasticsearch-7.17.15.jar:7.17.15]
	at org.elasticsearch.index.engine.Engine.flushAndClose(Engine.java:1827) [elasticsearch-7.17.15.jar:7.17.15]
	at org.elasticsearch.index.shard.IndexShard.close(IndexShard.java:1727) [elasticsearch-7.17.15.jar:7.17.15]
	at org.elasticsearch.index.IndexService.closeShard(IndexService.java:559) [elasticsearch-7.17.15.jar:7.17.15]
	at org.elasticsearch.index.IndexService.removeShard(IndexService.java:539) [elasticsearch-7.17.15.jar:7.17.15]
	at org.elasticsearch.index.IndexService.close(IndexService.java:334) [elasticsearch-7.17.15.jar:7.17.15]
	at org.elasticsearch.indices.IndicesService.removeIndex(IndicesService.java:885) [elasticsearch-7.17.15.jar:7.17.15]
	at org.elasticsearch.indices.IndicesService.lambda$doStop$3(IndicesService.java:402) [elasticsearch-7.17.15.jar:7.17.15]
	at java.util.concurrent.ThreadPoolExecutor.runWorker(Unknown Source) [?:?]
	at java.util.concurrent.ThreadPoolExecutor$Worker.run(Unknown Source) [?:?]
	at java.lang.Thread.run(Unknown Source) [?:?]
2025.11.20 08:48:16 WARN  es[][o.e.i.e.Engine] failed to rollback writer on close
java.nio.file.NoSuchFileException: /opt/sonarqube/data/es7/nodes/0/indices/JbQFLGkWTYuAuohO01hadA/0/index
	at sun.nio.fs.UnixException.translateToIOException(Unknown Source) ~[?:?]
	at sun.nio.fs.UnixException.rethrowAsIOException(Unknown Source) ~[?:?]
	at sun.nio.fs.UnixException.rethrowAsIOException(Unknown Source) ~[?:?]
	at sun.nio.fs.UnixFileSystemProvider.newDirectoryStream(Unknown Source) ~[?:?]
	at java.nio.file.Files.newDirectoryStream(Unknown Source) ~[?:?]
	at org.apache.lucene.store.FSDirectory.listAll(FSDirectory.java:214) ~[lucene-core-8.11.1.jar:8.11.1 0b002b11819df70783e83ef36b42ed1223c14b50 - janhoy - 2021-12-14 13:46:43]
	at org.apache.lucene.store.FSDirectory.listAll(FSDirectory.java:233) ~[lucene-core-8.11.1.jar:8.11.1 0b002b11819df70783e83ef36b42ed1223c14b50 - janhoy - 2021-12-14 13:46:43]
	at org.apache.lucene.store.FilterDirectory.listAll(FilterDirectory.java:58) ~[lucene-core-8.11.1.jar:8.11.1 0b002b11819df70783e83ef36b42ed1223c14b50 - janhoy - 2021-12-14 13:46:43]
	at org.apache.lucene.store.FilterDirectory.listAll(FilterDirectory.java:58) ~[lucene-core-8.11.1.jar:8.11.1 0b002b11819df70783e83ef36b42ed1223c14b50 - janhoy - 2021-12-14 13:46:43]
	at org.apache.lucene.store.FilterDirectory.listAll(FilterDirectory.java:58) ~[lucene-core-8.11.1.jar:8.11.1 0b002b11819df70783e83ef36b42ed1223c14b50 - janhoy - 2021-12-14 13:46:43]
	at org.apache.lucene.index.IndexFileDeleter.refresh(IndexFileDeleter.java:427) ~[lucene-core-8.11.1.jar:8.11.1 0b002b11819df70783e83ef36b42ed1223c14b50 - janhoy - 2021-12-14 13:46:43]
	at org.apache.lucene.index.IndexWriter.rollbackInternalNoCommit(IndexWriter.java:2473) ~[lucene-core-8.11.1.jar:8.11.1 0b002b11819df70783e83ef36b42ed1223c14b50 - janhoy - 2021-12-14 13:46:43]
	at org.apache.lucene.index.IndexWriter.rollbackInternal(IndexWriter.java:2409) ~[lucene-core-8.11.1.jar:8.11.1 0b002b11819df70783e83ef36b42ed1223c14b50 - janhoy - 2021-12-14 13:46:43]
	at org.apache.lucene.index.IndexWriter.rollback(IndexWriter.java:2402) ~[lucene-core-8.11.1.jar:8.11.1 0b002b11819df70783e83ef36b42ed1223c14b50 - janhoy - 2021-12-14 13:46:43]
	at org.elasticsearch.index.engine.InternalEngine.closeNoLock(InternalEngine.java:2501) [elasticsearch-7.17.15.jar:7.17.15]
	at org.elasticsearch.index.engine.Engine.close(Engine.java:1840) [elasticsearch-7.17.15.jar:7.17.15]
	at org.elasticsearch.index.engine.Engine.flushAndClose(Engine.java:1827) [elasticsearch-7.17.15.jar:7.17.15]
	at org.elasticsearch.index.shard.IndexShard.close(IndexShard.java:1727) [elasticsearch-7.17.15.jar:7.17.15]
	at org.elasticsearch.index.IndexService.closeShard(IndexService.java:559) [elasticsearch-7.17.15.jar:7.17.15]
	at org.elasticsearch.index.IndexService.removeShard(IndexService.java:539) [elasticsearch-7.17.15.jar:7.17.15]
	at org.elasticsearch.index.IndexService.close(IndexService.java:334) [elasticsearch-7.17.15.jar:7.17.15]
	at org.elasticsearch.indices.IndicesService.removeIndex(IndicesService.java:885) [elasticsearch-7.17.15.jar:7.17.15]
	at org.elasticsearch.indices.IndicesService.lambda$doStop$3(IndicesService.java:402) [elasticsearch-7.17.15.jar:7.17.15]
	at java.util.concurrent.ThreadPoolExecutor.runWorker(Unknown Source) [?:?]
	at java.util.concurrent.ThreadPoolExecutor$Worker.run(Unknown Source) [?:?]
	at java.lang.Thread.run(Unknown Source) [?:?]
2025.11.20 08:48:16 WARN  es[][o.e.i.e.Engine] failed to rollback writer on close
java.nio.file.NoSuchFileException: /opt/sonarqube/data/es7/nodes/0/indices/4t9uVCTBQ--y6otNrFjKKw/3/index
	at sun.nio.fs.UnixException.translateToIOException(Unknown Source) ~[?:?]
	at sun.nio.fs.UnixException.rethrowAsIOException(Unknown Source) ~[?:?]
	at sun.nio.fs.UnixException.rethrowAsIOException(Unknown Source) ~[?:?]
	at sun.nio.fs.UnixFileSystemProvider.newDirectoryStream(Unknown Source) ~[?:?]
	at java.nio.file.Files.newDirectoryStream(Unknown Source) ~[?:?]
	at org.apache.lucene.store.FSDirectory.listAll(FSDirectory.java:214) ~[lucene-core-8.11.1.jar:8.11.1 0b002b11819df70783e83ef36b42ed1223c14b50 - janhoy - 2021-12-14 13:46:43]
	at org.apache.lucene.store.FSDirectory.listAll(FSDirectory.java:233) ~[lucene-core-8.11.1.jar:8.11.1 0b002b11819df70783e83ef36b42ed1223c14b50 - janhoy - 2021-12-14 13:46:43]
	at org.apache.lucene.store.FilterDirectory.listAll(FilterDirectory.java:58) ~[lucene-core-8.11.1.jar:8.11.1 0b002b11819df70783e83ef36b42ed1223c14b50 - janhoy - 2021-12-14 13:46:43]
	at org.apache.lucene.store.FilterDirectory.listAll(FilterDirectory.java:58) ~[lucene-core-8.11.1.jar:8.11.1 0b002b11819df70783e83ef36b42ed1223c14b50 - janhoy - 2021-12-14 13:46:43]
	at org.apache.lucene.store.FilterDirectory.listAll(FilterDirectory.java:58) ~[lucene-core-8.11.1.jar:8.11.1 0b002b11819df70783e83ef36b42ed1223c14b50 - janhoy - 2021-12-14 13:46:43]
	at org.apache.lucene.index.IndexFileDeleter.refresh(IndexFileDeleter.java:427) ~[lucene-core-8.11.1.jar:8.11.1 0b002b11819df70783e83ef36b42ed1223c14b50 - janhoy - 2021-12-14 13:46:43]
	at org.apache.lucene.index.IndexWriter.rollbackInternalNoCommit(IndexWriter.java:2473) ~[lucene-core-8.11.1.jar:8.11.1 0b002b11819df70783e83ef36b42ed1223c14b50 - janhoy - 2021-12-14 13:46:43]
	at org.apache.lucene.index.IndexWriter.rollbackInternal(IndexWriter.java:2409) ~[lucene-core-8.11.1.jar:8.11.1 0b002b11819df70783e83ef36b42ed1223c14b50 - janhoy - 2021-12-14 13:46:43]
	at org.apache.lucene.index.IndexWriter.rollback(IndexWriter.java:2402) ~[lucene-core-8.11.1.jar:8.11.1 0b002b11819df70783e83ef36b42ed1223c14b50 - janhoy - 2021-12-14 13:46:43]
	at org.elasticsearch.index.engine.InternalEngine.closeNoLock(InternalEngine.java:2501) [elasticsearch-7.17.15.jar:7.17.15]
	at org.elasticsearch.index.engine.Engine.close(Engine.java:1840) [elasticsearch-7.17.15.jar:7.17.15]
	at org.elasticsearch.index.engine.Engine.flushAndClose(Engine.java:1827) [elasticsearch-7.17.15.jar:7.17.15]
	at org.elasticsearch.index.shard.IndexShard.close(IndexShard.java:1727) [elasticsearch-7.17.15.jar:7.17.15]
	at org.elasticsearch.index.IndexService.closeShard(IndexService.java:559) [elasticsearch-7.17.15.jar:7.17.15]
	at org.elasticsearch.index.IndexService.removeShard(IndexService.java:539) [elasticsearch-7.17.15.jar:7.17.15]
	at org.elasticsearch.index.IndexService.close(IndexService.java:334) [elasticsearch-7.17.15.jar:7.17.15]
	at org.elasticsearch.indices.IndicesService.removeIndex(IndicesService.java:885) [elasticsearch-7.17.15.jar:7.17.15]
	at org.elasticsearch.indices.IndicesService.lambda$doStop$3(IndicesService.java:402) [elasticsearch-7.17.15.jar:7.17.15]
	at java.util.concurrent.ThreadPoolExecutor.runWorker(Unknown Source) [?:?]
	at java.util.concurrent.ThreadPoolExecutor$Worker.run(Unknown Source) [?:?]
	at java.lang.Thread.run(Unknown Source) [?:?]
2025.11.20 08:48:16 WARN  es[][o.e.i.e.Engine] failed to rollback writer on close
java.nio.file.NoSuchFileException: /opt/sonarqube/data/es7/nodes/0/indices/aajuKq0MRQudzBYY0SoyZQ/0/index
	at sun.nio.fs.UnixException.translateToIOException(Unknown Source) ~[?:?]
	at sun.nio.fs.UnixException.rethrowAsIOException(Unknown Source) ~[?:?]
	at sun.nio.fs.UnixException.rethrowAsIOException(Unknown Source) ~[?:?]
	at sun.nio.fs.UnixFileSystemProvider.newDirectoryStream(Unknown Source) ~[?:?]
	at java.nio.file.Files.newDirectoryStream(Unknown Source) ~[?:?]
	at org.apache.lucene.store.FSDirectory.listAll(FSDirectory.java:214) ~[lucene-core-8.11.1.jar:8.11.1 0b002b11819df70783e83ef36b42ed1223c14b50 - janhoy - 2021-12-14 13:46:43]
	at org.apache.lucene.store.FSDirectory.listAll(FSDirectory.java:233) ~[lucene-core-8.11.1.jar:8.11.1 0b002b11819df70783e83ef36b42ed1223c14b50 - janhoy - 2021-12-14 13:46:43]
	at org.apache.lucene.store.FilterDirectory.listAll(FilterDirectory.java:58) ~[lucene-core-8.11.1.jar:8.11.1 0b002b11819df70783e83ef36b42ed1223c14b50 - janhoy - 2021-12-14 13:46:43]
	at org.apache.lucene.store.FilterDirectory.listAll(FilterDirectory.java:58) ~[lucene-core-8.11.1.jar:8.11.1 0b002b11819df70783e83ef36b42ed1223c14b50 - janhoy - 2021-12-14 13:46:43]
	at org.apache.lucene.store.FilterDirectory.listAll(FilterDirectory.java:58) ~[lucene-core-8.11.1.jar:8.11.1 0b002b11819df70783e83ef36b42ed1223c14b50 - janhoy - 2021-12-14 13:46:43]
	at org.apache.lucene.index.IndexFileDeleter.refresh(IndexFileDeleter.java:427) ~[lucene-core-8.11.1.jar:8.11.1 0b002b11819df70783e83ef36b42ed1223c14b50 - janhoy - 2021-12-14 13:46:43]
	at org.apache.lucene.index.IndexWriter.rollbackInternalNoCommit(IndexWriter.java:2473) ~[lucene-core-8.11.1.jar:8.11.1 0b002b11819df70783e83ef36b42ed1223c14b50 - janhoy - 2021-12-14 13:46:43]
	at org.apache.lucene.index.IndexWriter.rollbackInternal(IndexWriter.java:2409) ~[lucene-core-8.11.1.jar:8.11.1 0b002b11819df70783e83ef36b42ed1223c14b50 - janhoy - 2021-12-14 13:46:43]
	at org.apache.lucene.index.IndexWriter.rollback(IndexWriter.java:2402) ~[lucene-core-8.11.1.jar:8.11.1 0b002b11819df70783e83ef36b42ed1223c14b50 - janhoy - 2021-12-14 13:46:43]
	at org.elasticsearch.index.engine.InternalEngine.closeNoLock(InternalEngine.java:2501) [elasticsearch-7.17.15.jar:7.17.15]
	at org.elasticsearch.index.engine.Engine.close(Engine.java:1840) [elasticsearch-7.17.15.jar:7.17.15]
	at org.elasticsearch.index.engine.Engine.flushAndClose(Engine.java:1827) [elasticsearch-7.17.15.jar:7.17.15]
	at org.elasticsearch.index.shard.IndexShard.close(IndexShard.java:1727) [elasticsearch-7.17.15.jar:7.17.15]
	at org.elasticsearch.index.IndexService.closeShard(IndexService.java:559) [elasticsearch-7.17.15.jar:7.17.15]
	at org.elasticsearch.index.IndexService.removeShard(IndexService.java:539) [elasticsearch-7.17.15.jar:7.17.15]
	at org.elasticsearch.index.IndexService.close(IndexService.java:334) [elasticsearch-7.17.15.jar:7.17.15]
	at org.elasticsearch.indices.IndicesService.removeIndex(IndicesService.java:885) [elasticsearch-7.17.15.jar:7.17.15]
	at org.elasticsearch.indices.IndicesService.lambda$doStop$3(IndicesService.java:402) [elasticsearch-7.17.15.jar:7.17.15]
	at java.util.concurrent.ThreadPoolExecutor.runWorker(Unknown Source) [?:?]
	at java.util.concurrent.ThreadPoolExecutor$Worker.run(Unknown Source) [?:?]
	at java.lang.Thread.run(Unknown Source) [?:?]
2025.11.20 08:48:16 WARN  es[][o.e.i.e.Engine] failed to rollback writer on close
java.nio.file.NoSuchFileException: /opt/sonarqube/data/es7/nodes/0/indices/4t9uVCTBQ--y6otNrFjKKw/4/index
	at sun.nio.fs.UnixException.translateToIOException(Unknown Source) ~[?:?]
	at sun.nio.fs.UnixException.rethrowAsIOException(Unknown Source) ~[?:?]
	at sun.nio.fs.UnixException.rethrowAsIOException(Unknown Source) ~[?:?]
	at sun.nio.fs.UnixFileSystemProvider.newDirectoryStream(Unknown Source) ~[?:?]
	at java.nio.file.Files.newDirectoryStream(Unknown Source) ~[?:?]
	at org.apache.lucene.store.FSDirectory.listAll(FSDirectory.java:214) ~[lucene-core-8.11.1.jar:8.11.1 0b002b11819df70783e83ef36b42ed1223c14b50 - janhoy - 2021-12-14 13:46:43]
	at org.apache.lucene.store.FSDirectory.listAll(FSDirectory.java:233) ~[lucene-core-8.11.1.jar:8.11.1 0b002b11819df70783e83ef36b42ed1223c14b50 - janhoy - 2021-12-14 13:46:43]
	at org.apache.lucene.store.FilterDirectory.listAll(FilterDirectory.java:58) ~[lucene-core-8.11.1.jar:8.11.1 0b002b11819df70783e83ef36b42ed1223c14b50 - janhoy - 2021-12-14 13:46:43]
	at org.apache.lucene.store.FilterDirectory.listAll(FilterDirectory.java:58) ~[lucene-core-8.11.1.jar:8.11.1 0b002b11819df70783e83ef36b42ed1223c14b50 - janhoy - 2021-12-14 13:46:43]
	at org.apache.lucene.store.FilterDirectory.listAll(FilterDirectory.java:58) ~[lucene-core-8.11.1.jar:8.11.1 0b002b11819df70783e83ef36b42ed1223c14b50 - janhoy - 2021-12-14 13:46:43]
	at org.apache.lucene.index.IndexFileDeleter.refresh(IndexFileDeleter.java:427) ~[lucene-core-8.11.1.jar:8.11.1 0b002b11819df70783e83ef36b42ed1223c14b50 - janhoy - 2021-12-14 13:46:43]
	at org.apache.lucene.index.IndexWriter.rollbackInternalNoCommit(IndexWriter.java:2473) ~[lucene-core-8.11.1.jar:8.11.1 0b002b11819df70783e83ef36b42ed1223c14b50 - janhoy - 2021-12-14 13:46:43]
	at org.apache.lucene.index.IndexWriter.rollbackInternal(IndexWriter.java:2409) ~[lucene-core-8.11.1.jar:8.11.1 0b002b11819df70783e83ef36b42ed1223c14b50 - janhoy - 2021-12-14 13:46:43]
	at org.apache.lucene.index.IndexWriter.rollback(IndexWriter.java:2402) ~[lucene-core-8.11.1.jar:8.11.1 0b002b11819df70783e83ef36b42ed1223c14b50 - janhoy - 2021-12-14 13:46:43]
	at org.elasticsearch.index.engine.InternalEngine.closeNoLock(InternalEngine.java:2501) [elasticsearch-7.17.15.jar:7.17.15]
	at org.elasticsearch.index.engine.Engine.close(Engine.java:1840) [elasticsearch-7.17.15.jar:7.17.15]
	at org.elasticsearch.index.engine.Engine.flushAndClose(Engine.java:1827) [elasticsearch-7.17.15.jar:7.17.15]
	at org.elasticsearch.index.shard.IndexShard.close(IndexShard.java:1727) [elasticsearch-7.17.15.jar:7.17.15]
	at org.elasticsearch.index.IndexService.closeShard(IndexService.java:559) [elasticsearch-7.17.15.jar:7.17.15]
	at org.elasticsearch.index.IndexService.removeShard(IndexService.java:539) [elasticsearch-7.17.15.jar:7.17.15]
	at org.elasticsearch.index.IndexService.close(IndexService.java:334) [elasticsearch-7.17.15.jar:7.17.15]
	at org.elasticsearch.indices.IndicesService.removeIndex(IndicesService.java:885) [elasticsearch-7.17.15.jar:7.17.15]
	at org.elasticsearch.indices.IndicesService.lambda$doStop$3(IndicesService.java:402) [elasticsearch-7.17.15.jar:7.17.15]
	at java.util.concurrent.ThreadPoolExecutor.runWorker(Unknown Source) [?:?]
	at java.util.concurrent.ThreadPoolExecutor$Worker.run(Unknown Source) [?:?]
	at java.lang.Thread.run(Unknown Source) [?:?]
2025.11.20 08:48:16 WARN  es[][o.e.i.e.Engine] failed to rollback writer on close
java.nio.file.NoSuchFileException: /opt/sonarqube/data/es7/nodes/0/indices/JbQFLGkWTYuAuohO01hadA/1/index
	at sun.nio.fs.UnixException.translateToIOException(Unknown Source) ~[?:?]
	at sun.nio.fs.UnixException.rethrowAsIOException(Unknown Source) ~[?:?]
	at sun.nio.fs.UnixException.rethrowAsIOException(Unknown Source) ~[?:?]
	at sun.nio.fs.UnixFileSystemProvider.newDirectoryStream(Unknown Source) ~[?:?]
	at java.nio.file.Files.newDirectoryStream(Unknown Source) ~[?:?]
	at org.apache.lucene.store.FSDirectory.listAll(FSDirectory.java:214) ~[lucene-core-8.11.1.jar:8.11.1 0b002b11819df70783e83ef36b42ed1223c14b50 - janhoy - 2021-12-14 13:46:43]
	at org.apache.lucene.store.FSDirectory.listAll(FSDirectory.java:233) ~[lucene-core-8.11.1.jar:8.11.1 0b002b11819df70783e83ef36b42ed1223c14b50 - janhoy - 2021-12-14 13:46:43]
	at org.apache.lucene.store.FilterDirectory.listAll(FilterDirectory.java:58) ~[lucene-core-8.11.1.jar:8.11.1 0b002b11819df70783e83ef36b42ed1223c14b50 - janhoy - 2021-12-14 13:46:43]
	at org.apache.lucene.store.FilterDirectory.listAll(FilterDirectory.java:58) ~[lucene-core-8.11.1.jar:8.11.1 0b002b11819df70783e83ef36b42ed1223c14b50 - janhoy - 2021-12-14 13:46:43]
	at org.apache.lucene.store.FilterDirectory.listAll(FilterDirectory.java:58) ~[lucene-core-8.11.1.jar:8.11.1 0b002b11819df70783e83ef36b42ed1223c14b50 - janhoy - 2021-12-14 13:46:43]
	at org.apache.lucene.index.IndexFileDeleter.refresh(IndexFileDeleter.java:427) ~[lucene-core-8.11.1.jar:8.11.1 0b002b11819df70783e83ef36b42ed1223c14b50 - janhoy - 2021-12-14 13:46:43]
	at org.apache.lucene.index.IndexWriter.rollbackInternalNoCommit(IndexWriter.java:2473) ~[lucene-core-8.11.1.jar:8.11.1 0b002b11819df70783e83ef36b42ed1223c14b50 - janhoy - 2021-12-14 13:46:43]
	at org.apache.lucene.index.IndexWriter.rollbackInternal(IndexWriter.java:2409) ~[lucene-core-8.11.1.jar:8.11.1 0b002b11819df70783e83ef36b42ed1223c14b50 - janhoy - 2021-12-14 13:46:43]
	at org.apache.lucene.index.IndexWriter.rollback(IndexWriter.java:2402) ~[lucene-core-8.11.1.jar:8.11.1 0b002b11819df70783e83ef36b42ed1223c14b50 - janhoy - 2021-12-14 13:46:43]
	at org.elasticsearch.index.engine.InternalEngine.closeNoLock(InternalEngine.java:2501) [elasticsearch-7.17.15.jar:7.17.15]
	at org.elasticsearch.index.engine.Engine.close(Engine.java:1840) [elasticsearch-7.17.15.jar:7.17.15]
	at org.elasticsearch.index.engine.Engine.flushAndClose(Engine.java:1827) [elasticsearch-7.17.15.jar:7.17.15]
	at org.elasticsearch.index.shard.IndexShard.close(IndexShard.java:1727) [elasticsearch-7.17.15.jar:7.17.15]
	at org.elasticsearch.index.IndexService.closeShard(IndexService.java:559) [elasticsearch-7.17.15.jar:7.17.15]
	at org.elasticsearch.index.IndexService.removeShard(IndexService.java:539) [elasticsearch-7.17.15.jar:7.17.15]
	at org.elasticsearch.index.IndexService.close(IndexService.java:334) [elasticsearch-7.17.15.jar:7.17.15]
	at org.elasticsearch.indices.IndicesService.removeIndex(IndicesService.java:885) [elasticsearch-7.17.15.jar:7.17.15]
	at org.elasticsearch.indices.IndicesService.lambda$doStop$3(IndicesService.java:402) [elasticsearch-7.17.15.jar:7.17.15]
	at java.util.concurrent.ThreadPoolExecutor.runWorker(Unknown Source) [?:?]
	at java.util.concurrent.ThreadPoolExecutor$Worker.run(Unknown Source) [?:?]
	at java.lang.Thread.run(Unknown Source) [?:?]
2025.11.20 08:48:16 WARN  es[][o.e.i.e.Engine] failed to rollback writer on close
java.nio.file.NoSuchFileException: /opt/sonarqube/data/es7/nodes/0/indices/aajuKq0MRQudzBYY0SoyZQ/1/index
	at sun.nio.fs.UnixException.translateToIOException(Unknown Source) ~[?:?]
	at sun.nio.fs.UnixException.rethrowAsIOException(Unknown Source) ~[?:?]
	at sun.nio.fs.UnixException.rethrowAsIOException(Unknown Source) ~[?:?]
	at sun.nio.fs.UnixFileSystemProvider.newDirectoryStream(Unknown Source) ~[?:?]
	at java.nio.file.Files.newDirectoryStream(Unknown Source) ~[?:?]
	at org.apache.lucene.store.FSDirectory.listAll(FSDirectory.java:214) ~[lucene-core-8.11.1.jar:8.11.1 0b002b11819df70783e83ef36b42ed1223c14b50 - janhoy - 2021-12-14 13:46:43]
	at org.apache.lucene.store.FSDirectory.listAll(FSDirectory.java:233) ~[lucene-core-8.11.1.jar:8.11.1 0b002b11819df70783e83ef36b42ed1223c14b50 - janhoy - 2021-12-14 13:46:43]
	at org.apache.lucene.store.FilterDirectory.listAll(FilterDirectory.java:58) ~[lucene-core-8.11.1.jar:8.11.1 0b002b11819df70783e83ef36b42ed1223c14b50 - janhoy - 2021-12-14 13:46:43]
	at org.apache.lucene.store.FilterDirectory.listAll(FilterDirectory.java:58) ~[lucene-core-8.11.1.jar:8.11.1 0b002b11819df70783e83ef36b42ed1223c14b50 - janhoy - 2021-12-14 13:46:43]
	at org.apache.lucene.store.FilterDirectory.listAll(FilterDirectory.java:58) ~[lucene-core-8.11.1.jar:8.11.1 0b002b11819df70783e83ef36b42ed1223c14b50 - janhoy - 2021-12-14 13:46:43]
	at org.apache.lucene.index.IndexFileDeleter.refresh(IndexFileDeleter.java:427) ~[lucene-core-8.11.1.jar:8.11.1 0b002b11819df70783e83ef36b42ed1223c14b50 - janhoy - 2021-12-14 13:46:43]
	at org.apache.lucene.index.IndexWriter.rollbackInternalNoCommit(IndexWriter.java:2473) ~[lucene-core-8.11.1.jar:8.11.1 0b002b11819df70783e83ef36b42ed1223c14b50 - janhoy - 2021-12-14 13:46:43]
	at org.apache.lucene.index.IndexWriter.rollbackInternal(IndexWriter.java:2409) ~[lucene-core-8.11.1.jar:8.11.1 0b002b11819df70783e83ef36b42ed1223c14b50 - janhoy - 2021-12-14 13:46:43]
	at org.apache.lucene.index.IndexWriter.rollback(IndexWriter.java:2402) ~[lucene-core-8.11.1.jar:8.11.1 0b002b11819df70783e83ef36b42ed1223c14b50 - janhoy - 2021-12-14 13:46:43]
	at org.elasticsearch.index.engine.InternalEngine.closeNoLock(InternalEngine.java:2501) [elasticsearch-7.17.15.jar:7.17.15]
	at org.elasticsearch.index.engine.Engine.close(Engine.java:1840) [elasticsearch-7.17.15.jar:7.17.15]
	at org.elasticsearch.index.engine.Engine.flushAndClose(Engine.java:1827) [elasticsearch-7.17.15.jar:7.17.15]
	at org.elasticsearch.index.shard.IndexShard.close(IndexShard.java:1727) [elasticsearch-7.17.15.jar:7.17.15]
	at org.elasticsearch.index.IndexService.closeShard(IndexService.java:559) [elasticsearch-7.17.15.jar:7.17.15]
	at org.elasticsearch.index.IndexService.removeShard(IndexService.java:539) [elasticsearch-7.17.15.jar:7.17.15]
	at org.elasticsearch.index.IndexService.close(IndexService.java:334) [elasticsearch-7.17.15.jar:7.17.15]
	at org.elasticsearch.indices.IndicesService.removeIndex(IndicesService.java:885) [elasticsearch-7.17.15.jar:7.17.15]
	at org.elasticsearch.indices.IndicesService.lambda$doStop$3(IndicesService.java:402) [elasticsearch-7.17.15.jar:7.17.15]
	at java.util.concurrent.ThreadPoolExecutor.runWorker(Unknown Source) [?:?]
	at java.util.concurrent.ThreadPoolExecutor$Worker.run(Unknown Source) [?:?]
	at java.lang.Thread.run(Unknown Source) [?:?]
2025.11.20 08:48:16 WARN  es[][o.e.i.e.Engine] failed to rollback writer on close
java.nio.file.NoSuchFileException: /opt/sonarqube/data/es7/nodes/0/indices/JbQFLGkWTYuAuohO01hadA/2/index
	at sun.nio.fs.UnixException.translateToIOException(Unknown Source) ~[?:?]
	at sun.nio.fs.UnixException.rethrowAsIOException(Unknown Source) ~[?:?]
	at sun.nio.fs.UnixException.rethrowAsIOException(Unknown Source) ~[?:?]
	at sun.nio.fs.UnixFileSystemProvider.newDirectoryStream(Unknown Source) ~[?:?]
	at java.nio.file.Files.newDirectoryStream(Unknown Source) ~[?:?]
	at org.apache.lucene.store.FSDirectory.listAll(FSDirectory.java:214) ~[lucene-core-8.11.1.jar:8.11.1 0b002b11819df70783e83ef36b42ed1223c14b50 - janhoy - 2021-12-14 13:46:43]
	at org.apache.lucene.store.FSDirectory.listAll(FSDirectory.java:233) ~[lucene-core-8.11.1.jar:8.11.1 0b002b11819df70783e83ef36b42ed1223c14b50 - janhoy - 2021-12-14 13:46:43]
	at org.apache.lucene.store.FilterDirectory.listAll(FilterDirectory.java:58) ~[lucene-core-8.11.1.jar:8.11.1 0b002b11819df70783e83ef36b42ed1223c14b50 - janhoy - 2021-12-14 13:46:43]
	at org.apache.lucene.store.FilterDirectory.listAll(FilterDirectory.java:58) ~[lucene-core-8.11.1.jar:8.11.1 0b002b11819df70783e83ef36b42ed1223c14b50 - janhoy - 2021-12-14 13:46:43]
	at org.apache.lucene.store.FilterDirectory.listAll(FilterDirectory.java:58) ~[lucene-core-8.11.1.jar:8.11.1 0b002b11819df70783e83ef36b42ed1223c14b50 - janhoy - 2021-12-14 13:46:43]
	at org.apache.lucene.index.IndexFileDeleter.refresh(IndexFileDeleter.java:427) ~[lucene-core-8.11.1.jar:8.11.1 0b002b11819df70783e83ef36b42ed1223c14b50 - janhoy - 2021-12-14 13:46:43]
	at org.apache.lucene.index.IndexWriter.rollbackInternalNoCommit(IndexWriter.java:2473) ~[lucene-core-8.11.1.jar:8.11.1 0b002b11819df70783e83ef36b42ed1223c14b50 - janhoy - 2021-12-14 13:46:43]
	at org.apache.lucene.index.IndexWriter.rollbackInternal(IndexWriter.java:2409) ~[lucene-core-8.11.1.jar:8.11.1 0b002b11819df70783e83ef36b42ed1223c14b50 - janhoy - 2021-12-14 13:46:43]
	at org.apache.lucene.index.IndexWriter.rollback(IndexWriter.java:2402) ~[lucene-core-8.11.1.jar:8.11.1 0b002b11819df70783e83ef36b42ed1223c14b50 - janhoy - 2021-12-14 13:46:43]
	at org.elasticsearch.index.engine.InternalEngine.closeNoLock(InternalEngine.java:2501) [elasticsearch-7.17.15.jar:7.17.15]
	at org.elasticsearch.index.engine.Engine.close(Engine.java:1840) [elasticsearch-7.17.15.jar:7.17.15]
	at org.elasticsearch.index.engine.Engine.flushAndClose(Engine.java:1827) [elasticsearch-7.17.15.jar:7.17.15]
	at org.elasticsearch.index.shard.IndexShard.close(IndexShard.java:1727) [elasticsearch-7.17.15.jar:7.17.15]
	at org.elasticsearch.index.IndexService.closeShard(IndexService.java:559) [elasticsearch-7.17.15.jar:7.17.15]
	at org.elasticsearch.index.IndexService.removeShard(IndexService.java:539) [elasticsearch-7.17.15.jar:7.17.15]
	at org.elasticsearch.index.IndexService.close(IndexService.java:334) [elasticsearch-7.17.15.jar:7.17.15]
	at org.elasticsearch.indices.IndicesService.removeIndex(IndicesService.java:885) [elasticsearch-7.17.15.jar:7.17.15]
	at org.elasticsearch.indices.IndicesService.lambda$doStop$3(IndicesService.java:402) [elasticsearch-7.17.15.jar:7.17.15]
	at java.util.concurrent.ThreadPoolExecutor.runWorker(Unknown Source) [?:?]
	at java.util.concurrent.ThreadPoolExecutor$Worker.run(Unknown Source) [?:?]
	at java.lang.Thread.run(Unknown Source) [?:?]
2025.11.20 08:48:16 WARN  es[][o.e.i.e.Engine] failed to rollback writer on close
java.nio.file.NoSuchFileException: /opt/sonarqube/data/es7/nodes/0/indices/aajuKq0MRQudzBYY0SoyZQ/2/index
	at sun.nio.fs.UnixException.translateToIOException(Unknown Source) ~[?:?]
	at sun.nio.fs.UnixException.rethrowAsIOException(Unknown Source) ~[?:?]
	at sun.nio.fs.UnixException.rethrowAsIOException(Unknown Source) ~[?:?]
	at sun.nio.fs.UnixFileSystemProvider.newDirectoryStream(Unknown Source) ~[?:?]
	at java.nio.file.Files.newDirectoryStream(Unknown Source) ~[?:?]
	at org.apache.lucene.store.FSDirectory.listAll(FSDirectory.java:214) ~[lucene-core-8.11.1.jar:8.11.1 0b002b11819df70783e83ef36b42ed1223c14b50 - janhoy - 2021-12-14 13:46:43]
	at org.apache.lucene.store.FSDirectory.listAll(FSDirectory.java:233) ~[lucene-core-8.11.1.jar:8.11.1 0b002b11819df70783e83ef36b42ed1223c14b50 - janhoy - 2021-12-14 13:46:43]
	at org.apache.lucene.store.FilterDirectory.listAll(FilterDirectory.java:58) ~[lucene-core-8.11.1.jar:8.11.1 0b002b11819df70783e83ef36b42ed1223c14b50 - janhoy - 2021-12-14 13:46:43]
	at org.apache.lucene.store.FilterDirectory.listAll(FilterDirectory.java:58) ~[lucene-core-8.11.1.jar:8.11.1 0b002b11819df70783e83ef36b42ed1223c14b50 - janhoy - 2021-12-14 13:46:43]
	at org.apache.lucene.store.FilterDirectory.listAll(FilterDirectory.java:58) ~[lucene-core-8.11.1.jar:8.11.1 0b002b11819df70783e83ef36b42ed1223c14b50 - janhoy - 2021-12-14 13:46:43]
	at org.apache.lucene.index.IndexFileDeleter.refresh(IndexFileDeleter.java:427) ~[lucene-core-8.11.1.jar:8.11.1 0b002b11819df70783e83ef36b42ed1223c14b50 - janhoy - 2021-12-14 13:46:43]
	at org.apache.lucene.index.IndexWriter.rollbackInternalNoCommit(IndexWriter.java:2473) ~[lucene-core-8.11.1.jar:8.11.1 0b002b11819df70783e83ef36b42ed1223c14b50 - janhoy - 2021-12-14 13:46:43]
	at org.apache.lucene.index.IndexWriter.rollbackInternal(IndexWriter.java:2409) ~[lucene-core-8.11.1.jar:8.11.1 0b002b11819df70783e83ef36b42ed1223c14b50 - janhoy - 2021-12-14 13:46:43]
	at org.apache.lucene.index.IndexWriter.rollback(IndexWriter.java:2402) ~[lucene-core-8.11.1.jar:8.11.1 0b002b11819df70783e83ef36b42ed1223c14b50 - janhoy - 2021-12-14 13:46:43]
	at org.elasticsearch.index.engine.InternalEngine.closeNoLock(InternalEngine.java:2501) [elasticsearch-7.17.15.jar:7.17.15]
	at org.elasticsearch.index.engine.Engine.close(Engine.java:1840) [elasticsearch-7.17.15.jar:7.17.15]
	at org.elasticsearch.index.engine.Engine.flushAndClose(Engine.java:1827) [elasticsearch-7.17.15.jar:7.17.15]
	at org.elasticsearch.index.shard.IndexShard.close(IndexShard.java:1727) [elasticsearch-7.17.15.jar:7.17.15]
	at org.elasticsearch.index.IndexService.closeShard(IndexService.java:559) [elasticsearch-7.17.15.jar:7.17.15]
	at org.elasticsearch.index.IndexService.removeShard(IndexService.java:539) [elasticsearch-7.17.15.jar:7.17.15]
	at org.elasticsearch.index.IndexService.close(IndexService.java:334) [elasticsearch-7.17.15.jar:7.17.15]
	at org.elasticsearch.indices.IndicesService.removeIndex(IndicesService.java:885) [elasticsearch-7.17.15.jar:7.17.15]
	at org.elasticsearch.indices.IndicesService.lambda$doStop$3(IndicesService.java:402) [elasticsearch-7.17.15.jar:7.17.15]
	at java.util.concurrent.ThreadPoolExecutor.runWorker(Unknown Source) [?:?]
	at java.util.concurrent.ThreadPoolExecutor$Worker.run(Unknown Source) [?:?]
	at java.lang.Thread.run(Unknown Source) [?:?]
2025.11.20 08:48:16 WARN  es[][o.e.i.e.Engine] failed to rollback writer on close
java.nio.file.NoSuchFileException: /opt/sonarqube/data/es7/nodes/0/indices/JbQFLGkWTYuAuohO01hadA/3/index
	at sun.nio.fs.UnixException.translateToIOException(Unknown Source) ~[?:?]
	at sun.nio.fs.UnixException.rethrowAsIOException(Unknown Source) ~[?:?]
	at sun.nio.fs.UnixException.rethrowAsIOException(Unknown Source) ~[?:?]
	at sun.nio.fs.UnixFileSystemProvider.newDirectoryStream(Unknown Source) ~[?:?]
	at java.nio.file.Files.newDirectoryStream(Unknown Source) ~[?:?]
	at org.apache.lucene.store.FSDirectory.listAll(FSDirectory.java:214) ~[lucene-core-8.11.1.jar:8.11.1 0b002b11819df70783e83ef36b42ed1223c14b50 - janhoy - 2021-12-14 13:46:43]
	at org.apache.lucene.store.FSDirectory.listAll(FSDirectory.java:233) ~[lucene-core-8.11.1.jar:8.11.1 0b002b11819df70783e83ef36b42ed1223c14b50 - janhoy - 2021-12-14 13:46:43]
	at org.apache.lucene.store.FilterDirectory.listAll(FilterDirectory.java:58) ~[lucene-core-8.11.1.jar:8.11.1 0b002b11819df70783e83ef36b42ed1223c14b50 - janhoy - 2021-12-14 13:46:43]
	at org.apache.lucene.store.FilterDirectory.listAll(FilterDirectory.java:58) ~[lucene-core-8.11.1.jar:8.11.1 0b002b11819df70783e83ef36b42ed1223c14b50 - janhoy - 2021-12-14 13:46:43]
	at org.apache.lucene.store.FilterDirectory.listAll(FilterDirectory.java:58) ~[lucene-core-8.11.1.jar:8.11.1 0b002b11819df70783e83ef36b42ed1223c14b50 - janhoy - 2021-12-14 13:46:43]
	at org.apache.lucene.index.IndexFileDeleter.refresh(IndexFileDeleter.java:427) ~[lucene-core-8.11.1.jar:8.11.1 0b002b11819df70783e83ef36b42ed1223c14b50 - janhoy - 2021-12-14 13:46:43]
	at org.apache.lucene.index.IndexWriter.rollbackInternalNoCommit(IndexWriter.java:2473) ~[lucene-core-8.11.1.jar:8.11.1 0b002b11819df70783e83ef36b42ed1223c14b50 - janhoy - 2021-12-14 13:46:43]
	at org.apache.lucene.index.IndexWriter.rollbackInternal(IndexWriter.java:2409) ~[lucene-core-8.11.1.jar:8.11.1 0b002b11819df70783e83ef36b42ed1223c14b50 - janhoy - 2021-12-14 13:46:43]
	at org.apache.lucene.index.IndexWriter.rollback(IndexWriter.java:2402) ~[lucene-core-8.11.1.jar:8.11.1 0b002b11819df70783e83ef36b42ed1223c14b50 - janhoy - 2021-12-14 13:46:43]
	at org.elasticsearch.index.engine.InternalEngine.closeNoLock(InternalEngine.java:2501) [elasticsearch-7.17.15.jar:7.17.15]
	at org.elasticsearch.index.engine.Engine.close(Engine.java:1840) [elasticsearch-7.17.15.jar:7.17.15]
	at org.elasticsearch.index.engine.Engine.flushAndClose(Engine.java:1827) [elasticsearch-7.17.15.jar:7.17.15]
	at org.elasticsearch.index.shard.IndexShard.close(IndexShard.java:1727) [elasticsearch-7.17.15.jar:7.17.15]
	at org.elasticsearch.index.IndexService.closeShard(IndexService.java:559) [elasticsearch-7.17.15.jar:7.17.15]
	at org.elasticsearch.index.IndexService.removeShard(IndexService.java:539) [elasticsearch-7.17.15.jar:7.17.15]
	at org.elasticsearch.index.IndexService.close(IndexService.java:334) [elasticsearch-7.17.15.jar:7.17.15]
	at org.elasticsearch.indices.IndicesService.removeIndex(IndicesService.java:885) [elasticsearch-7.17.15.jar:7.17.15]
	at org.elasticsearch.indices.IndicesService.lambda$doStop$3(IndicesService.java:402) [elasticsearch-7.17.15.jar:7.17.15]
	at java.util.concurrent.ThreadPoolExecutor.runWorker(Unknown Source) [?:?]
	at java.util.concurrent.ThreadPoolExecutor$Worker.run(Unknown Source) [?:?]
	at java.lang.Thread.run(Unknown Source) [?:?]
2025.11.20 08:48:16 WARN  es[][o.e.i.e.Engine] failed to rollback writer on close
java.nio.file.NoSuchFileException: /opt/sonarqube/data/es7/nodes/0/indices/aajuKq0MRQudzBYY0SoyZQ/3/index
	at sun.nio.fs.UnixException.translateToIOException(Unknown Source) ~[?:?]
	at sun.nio.fs.UnixException.rethrowAsIOException(Unknown Source) ~[?:?]
	at sun.nio.fs.UnixException.rethrowAsIOException(Unknown Source) ~[?:?]
	at sun.nio.fs.UnixFileSystemProvider.newDirectoryStream(Unknown Source) ~[?:?]
	at java.nio.file.Files.newDirectoryStream(Unknown Source) ~[?:?]
	at org.apache.lucene.store.FSDirectory.listAll(FSDirectory.java:214) ~[lucene-core-8.11.1.jar:8.11.1 0b002b11819df70783e83ef36b42ed1223c14b50 - janhoy - 2021-12-14 13:46:43]
	at org.apache.lucene.store.FSDirectory.listAll(FSDirectory.java:233) ~[lucene-core-8.11.1.jar:8.11.1 0b002b11819df70783e83ef36b42ed1223c14b50 - janhoy - 2021-12-14 13:46:43]
	at org.apache.lucene.store.FilterDirectory.listAll(FilterDirectory.java:58) ~[lucene-core-8.11.1.jar:8.11.1 0b002b11819df70783e83ef36b42ed1223c14b50 - janhoy - 2021-12-14 13:46:43]
	at org.apache.lucene.store.FilterDirectory.listAll(FilterDirectory.java:58) ~[lucene-core-8.11.1.jar:8.11.1 0b002b11819df70783e83ef36b42ed1223c14b50 - janhoy - 2021-12-14 13:46:43]
	at org.apache.lucene.store.FilterDirectory.listAll(FilterDirectory.java:58) ~[lucene-core-8.11.1.jar:8.11.1 0b002b11819df70783e83ef36b42ed1223c14b50 - janhoy - 2021-12-14 13:46:43]
	at org.apache.lucene.index.IndexFileDeleter.refresh(IndexFileDeleter.java:427) ~[lucene-core-8.11.1.jar:8.11.1 0b002b11819df70783e83ef36b42ed1223c14b50 - janhoy - 2021-12-14 13:46:43]
	at org.apache.lucene.index.IndexWriter.rollbackInternalNoCommit(IndexWriter.java:2473) ~[lucene-core-8.11.1.jar:8.11.1 0b002b11819df70783e83ef36b42ed1223c14b50 - janhoy - 2021-12-14 13:46:43]
	at org.apache.lucene.index.IndexWriter.rollbackInternal(IndexWriter.java:2409) ~[lucene-core-8.11.1.jar:8.11.1 0b002b11819df70783e83ef36b42ed1223c14b50 - janhoy - 2021-12-14 13:46:43]
	at org.apache.lucene.index.IndexWriter.rollback(IndexWriter.java:2402) ~[lucene-core-8.11.1.jar:8.11.1 0b002b11819df70783e83ef36b42ed1223c14b50 - janhoy - 2021-12-14 13:46:43]
	at org.elasticsearch.index.engine.InternalEngine.closeNoLock(InternalEngine.java:2501) [elasticsearch-7.17.15.jar:7.17.15]
	at org.elasticsearch.index.engine.Engine.close(Engine.java:1840) [elasticsearch-7.17.15.jar:7.17.15]
	at org.elasticsearch.index.engine.Engine.flushAndClose(Engine.java:1827) [elasticsearch-7.17.15.jar:7.17.15]
	at org.elasticsearch.index.shard.IndexShard.close(IndexShard.java:1727) [elasticsearch-7.17.15.jar:7.17.15]
	at org.elasticsearch.index.IndexService.closeShard(IndexService.java:559) [elasticsearch-7.17.15.jar:7.17.15]
	at org.elasticsearch.index.IndexService.removeShard(IndexService.java:539) [elasticsearch-7.17.15.jar:7.17.15]
	at org.elasticsearch.index.IndexService.close(IndexService.java:334) [elasticsearch-7.17.15.jar:7.17.15]
	at org.elasticsearch.indices.IndicesService.removeIndex(IndicesService.java:885) [elasticsearch-7.17.15.jar:7.17.15]
	at org.elasticsearch.indices.IndicesService.lambda$doStop$3(IndicesService.java:402) [elasticsearch-7.17.15.jar:7.17.15]
	at java.util.concurrent.ThreadPoolExecutor.runWorker(Unknown Source) [?:?]
	at java.util.concurrent.ThreadPoolExecutor$Worker.run(Unknown Source) [?:?]
	at java.lang.Thread.run(Unknown Source) [?:?]
2025.11.20 08:48:16 WARN  es[][o.e.i.e.Engine] failed to rollback writer on close
java.nio.file.NoSuchFileException: /opt/sonarqube/data/es7/nodes/0/indices/JbQFLGkWTYuAuohO01hadA/4/index
	at sun.nio.fs.UnixException.translateToIOException(Unknown Source) ~[?:?]
	at sun.nio.fs.UnixException.rethrowAsIOException(Unknown Source) ~[?:?]
	at sun.nio.fs.UnixException.rethrowAsIOException(Unknown Source) ~[?:?]
	at sun.nio.fs.UnixFileSystemProvider.newDirectoryStream(Unknown Source) ~[?:?]
	at java.nio.file.Files.newDirectoryStream(Unknown Source) ~[?:?]
	at org.apache.lucene.store.FSDirectory.listAll(FSDirectory.java:214) ~[lucene-core-8.11.1.jar:8.11.1 0b002b11819df70783e83ef36b42ed1223c14b50 - janhoy - 2021-12-14 13:46:43]
	at org.apache.lucene.store.FSDirectory.listAll(FSDirectory.java:233) ~[lucene-core-8.11.1.jar:8.11.1 0b002b11819df70783e83ef36b42ed1223c14b50 - janhoy - 2021-12-14 13:46:43]
	at org.apache.lucene.store.FilterDirectory.listAll(FilterDirectory.java:58) ~[lucene-core-8.11.1.jar:8.11.1 0b002b11819df70783e83ef36b42ed1223c14b50 - janhoy - 2021-12-14 13:46:43]
	at org.apache.lucene.store.FilterDirectory.listAll(FilterDirectory.java:58) ~[lucene-core-8.11.1.jar:8.11.1 0b002b11819df70783e83ef36b42ed1223c14b50 - janhoy - 2021-12-14 13:46:43]
	at org.apache.lucene.store.FilterDirectory.listAll(FilterDirectory.java:58) ~[lucene-core-8.11.1.jar:8.11.1 0b002b11819df70783e83ef36b42ed1223c14b50 - janhoy - 2021-12-14 13:46:43]
	at org.apache.lucene.index.IndexFileDeleter.refresh(IndexFileDeleter.java:427) ~[lucene-core-8.11.1.jar:8.11.1 0b002b11819df70783e83ef36b42ed1223c14b50 - janhoy - 2021-12-14 13:46:43]
	at org.apache.lucene.index.IndexWriter.rollbackInternalNoCommit(IndexWriter.java:2473) ~[lucene-core-8.11.1.jar:8.11.1 0b002b11819df70783e83ef36b42ed1223c14b50 - janhoy - 2021-12-14 13:46:43]
	at org.apache.lucene.index.IndexWriter.rollbackInternal(IndexWriter.java:2409) ~[lucene-core-8.11.1.jar:8.11.1 0b002b11819df70783e83ef36b42ed1223c14b50 - janhoy - 2021-12-14 13:46:43]
	at org.apache.lucene.index.IndexWriter.rollback(IndexWriter.java:2402) ~[lucene-core-8.11.1.jar:8.11.1 0b002b11819df70783e83ef36b42ed1223c14b50 - janhoy - 2021-12-14 13:46:43]
	at org.elasticsearch.index.engine.InternalEngine.closeNoLock(InternalEngine.java:2501) [elasticsearch-7.17.15.jar:7.17.15]
	at org.elasticsearch.index.engine.Engine.close(Engine.java:1840) [elasticsearch-7.17.15.jar:7.17.15]
	at org.elasticsearch.index.engine.Engine.flushAndClose(Engine.java:1827) [elasticsearch-7.17.15.jar:7.17.15]
	at org.elasticsearch.index.shard.IndexShard.close(IndexShard.java:1727) [elasticsearch-7.17.15.jar:7.17.15]
	at org.elasticsearch.index.IndexService.closeShard(IndexService.java:559) [elasticsearch-7.17.15.jar:7.17.15]
	at org.elasticsearch.index.IndexService.removeShard(IndexService.java:539) [elasticsearch-7.17.15.jar:7.17.15]
	at org.elasticsearch.index.IndexService.close(IndexService.java:334) [elasticsearch-7.17.15.jar:7.17.15]
	at org.elasticsearch.indices.IndicesService.removeIndex(IndicesService.java:885) [elasticsearch-7.17.15.jar:7.17.15]
	at org.elasticsearch.indices.IndicesService.lambda$doStop$3(IndicesService.java:402) [elasticsearch-7.17.15.jar:7.17.15]
	at java.util.concurrent.ThreadPoolExecutor.runWorker(Unknown Source) [?:?]
	at java.util.concurrent.ThreadPoolExecutor$Worker.run(Unknown Source) [?:?]
	at java.lang.Thread.run(Unknown Source) [?:?]
2025.11.20 08:48:16 WARN  es[][o.e.i.e.Engine] failed to rollback writer on close
java.nio.file.NoSuchFileException: /opt/sonarqube/data/es7/nodes/0/indices/aajuKq0MRQudzBYY0SoyZQ/4/index
	at sun.nio.fs.UnixException.translateToIOException(Unknown Source) ~[?:?]
	at sun.nio.fs.UnixException.rethrowAsIOException(Unknown Source) ~[?:?]
	at sun.nio.fs.UnixException.rethrowAsIOException(Unknown Source) ~[?:?]
	at sun.nio.fs.UnixFileSystemProvider.newDirectoryStream(Unknown Source) ~[?:?]
	at java.nio.file.Files.newDirectoryStream(Unknown Source) ~[?:?]
	at org.apache.lucene.store.FSDirectory.listAll(FSDirectory.java:214) ~[lucene-core-8.11.1.jar:8.11.1 0b002b11819df70783e83ef36b42ed1223c14b50 - janhoy - 2021-12-14 13:46:43]
	at org.apache.lucene.store.FSDirectory.listAll(FSDirectory.java:233) ~[lucene-core-8.11.1.jar:8.11.1 0b002b11819df70783e83ef36b42ed1223c14b50 - janhoy - 2021-12-14 13:46:43]
	at org.apache.lucene.store.FilterDirectory.listAll(FilterDirectory.java:58) ~[lucene-core-8.11.1.jar:8.11.1 0b002b11819df70783e83ef36b42ed1223c14b50 - janhoy - 2021-12-14 13:46:43]
	at org.apache.lucene.store.FilterDirectory.listAll(FilterDirectory.java:58) ~[lucene-core-8.11.1.jar:8.11.1 0b002b11819df70783e83ef36b42ed1223c14b50 - janhoy - 2021-12-14 13:46:43]
	at org.apache.lucene.store.FilterDirectory.listAll(FilterDirectory.java:58) ~[lucene-core-8.11.1.jar:8.11.1 0b002b11819df70783e83ef36b42ed1223c14b50 - janhoy - 2021-12-14 13:46:43]
	at org.apache.lucene.index.IndexFileDeleter.refresh(IndexFileDeleter.java:427) ~[lucene-core-8.11.1.jar:8.11.1 0b002b11819df70783e83ef36b42ed1223c14b50 - janhoy - 2021-12-14 13:46:43]
	at org.apache.lucene.index.IndexWriter.rollbackInternalNoCommit(IndexWriter.java:2473) ~[lucene-core-8.11.1.jar:8.11.1 0b002b11819df70783e83ef36b42ed1223c14b50 - janhoy - 2021-12-14 13:46:43]
	at org.apache.lucene.index.IndexWriter.rollbackInternal(IndexWriter.java:2409) ~[lucene-core-8.11.1.jar:8.11.1 0b002b11819df70783e83ef36b42ed1223c14b50 - janhoy - 2021-12-14 13:46:43]
	at org.apache.lucene.index.IndexWriter.rollback(IndexWriter.java:2402) ~[lucene-core-8.11.1.jar:8.11.1 0b002b11819df70783e83ef36b42ed1223c14b50 - janhoy - 2021-12-14 13:46:43]
	at org.elasticsearch.index.engine.InternalEngine.closeNoLock(InternalEngine.java:2501) [elasticsearch-7.17.15.jar:7.17.15]
	at org.elasticsearch.index.engine.Engine.close(Engine.java:1840) [elasticsearch-7.17.15.jar:7.17.15]
	at org.elasticsearch.index.engine.Engine.flushAndClose(Engine.java:1827) [elasticsearch-7.17.15.jar:7.17.15]
	at org.elasticsearch.index.shard.IndexShard.close(IndexShard.java:1727) [elasticsearch-7.17.15.jar:7.17.15]
	at org.elasticsearch.index.IndexService.closeShard(IndexService.java:559) [elasticsearch-7.17.15.jar:7.17.15]
	at org.elasticsearch.index.IndexService.removeShard(IndexService.java:539) [elasticsearch-7.17.15.jar:7.17.15]
	at org.elasticsearch.index.IndexService.close(IndexService.java:334) [elasticsearch-7.17.15.jar:7.17.15]
	at org.elasticsearch.indices.IndicesService.removeIndex(IndicesService.java:885) [elasticsearch-7.17.15.jar:7.17.15]
	at org.elasticsearch.indices.IndicesService.lambda$doStop$3(IndicesService.java:402) [elasticsearch-7.17.15.jar:7.17.15]
	at java.util.concurrent.ThreadPoolExecutor.runWorker(Unknown Source) [?:?]
	at java.util.concurrent.ThreadPoolExecutor$Worker.run(Unknown Source) [?:?]
	at java.lang.Thread.run(Unknown Source) [?:?]
2025.11.20 08:48:16 WARN  es[][o.e.i.e.Engine] failed to rollback writer on close
java.nio.file.NoSuchFileException: /opt/sonarqube/data/es7/nodes/0/indices/5EufTg75Q32PMetize2zfg/0/index
	at sun.nio.fs.UnixException.translateToIOException(Unknown Source) ~[?:?]
	at sun.nio.fs.UnixException.rethrowAsIOException(Unknown Source) ~[?:?]
	at sun.nio.fs.UnixException.rethrowAsIOException(Unknown Source) ~[?:?]
	at sun.nio.fs.UnixFileSystemProvider.newDirectoryStream(Unknown Source) ~[?:?]
	at java.nio.file.Files.newDirectoryStream(Unknown Source) ~[?:?]
	at org.apache.lucene.store.FSDirectory.listAll(FSDirectory.java:214) ~[lucene-core-8.11.1.jar:8.11.1 0b002b11819df70783e83ef36b42ed1223c14b50 - janhoy - 2021-12-14 13:46:43]
	at org.apache.lucene.store.FSDirectory.listAll(FSDirectory.java:233) ~[lucene-core-8.11.1.jar:8.11.1 0b002b11819df70783e83ef36b42ed1223c14b50 - janhoy - 2021-12-14 13:46:43]
	at org.apache.lucene.store.FilterDirectory.listAll(FilterDirectory.java:58) ~[lucene-core-8.11.1.jar:8.11.1 0b002b11819df70783e83ef36b42ed1223c14b50 - janhoy - 2021-12-14 13:46:43]
	at org.apache.lucene.store.FilterDirectory.listAll(FilterDirectory.java:58) ~[lucene-core-8.11.1.jar:8.11.1 0b002b11819df70783e83ef36b42ed1223c14b50 - janhoy - 2021-12-14 13:46:43]
	at org.apache.lucene.store.FilterDirectory.listAll(FilterDirectory.java:58) ~[lucene-core-8.11.1.jar:8.11.1 0b002b11819df70783e83ef36b42ed1223c14b50 - janhoy - 2021-12-14 13:46:43]
	at org.apache.lucene.index.IndexFileDeleter.refresh(IndexFileDeleter.java:427) ~[lucene-core-8.11.1.jar:8.11.1 0b002b11819df70783e83ef36b42ed1223c14b50 - janhoy - 2021-12-14 13:46:43]
	at org.apache.lucene.index.IndexWriter.rollbackInternalNoCommit(IndexWriter.java:2473) ~[lucene-core-8.11.1.jar:8.11.1 0b002b11819df70783e83ef36b42ed1223c14b50 - janhoy - 2021-12-14 13:46:43]
	at org.apache.lucene.index.IndexWriter.rollbackInternal(IndexWriter.java:2409) ~[lucene-core-8.11.1.jar:8.11.1 0b002b11819df70783e83ef36b42ed1223c14b50 - janhoy - 2021-12-14 13:46:43]
	at org.apache.lucene.index.IndexWriter.rollback(IndexWriter.java:2402) ~[lucene-core-8.11.1.jar:8.11.1 0b002b11819df70783e83ef36b42ed1223c14b50 - janhoy - 2021-12-14 13:46:43]
	at org.elasticsearch.index.engine.InternalEngine.closeNoLock(InternalEngine.java:2501) [elasticsearch-7.17.15.jar:7.17.15]
	at org.elasticsearch.index.engine.Engine.close(Engine.java:1840) [elasticsearch-7.17.15.jar:7.17.15]
	at org.elasticsearch.index.engine.Engine.flushAndClose(Engine.java:1827) [elasticsearch-7.17.15.jar:7.17.15]
	at org.elasticsearch.index.shard.IndexShard.close(IndexShard.java:1727) [elasticsearch-7.17.15.jar:7.17.15]
	at org.elasticsearch.index.IndexService.closeShard(IndexService.java:559) [elasticsearch-7.17.15.jar:7.17.15]
	at org.elasticsearch.index.IndexService.removeShard(IndexService.java:539) [elasticsearch-7.17.15.jar:7.17.15]
	at org.elasticsearch.index.IndexService.close(IndexService.java:334) [elasticsearch-7.17.15.jar:7.17.15]
	at org.elasticsearch.indices.IndicesService.removeIndex(IndicesService.java:885) [elasticsearch-7.17.15.jar:7.17.15]
	at org.elasticsearch.indices.IndicesService.lambda$doStop$3(IndicesService.java:402) [elasticsearch-7.17.15.jar:7.17.15]
	at java.util.concurrent.ThreadPoolExecutor.runWorker(Unknown Source) [?:?]
	at java.util.concurrent.ThreadPoolExecutor$Worker.run(Unknown Source) [?:?]
	at java.lang.Thread.run(Unknown Source) [?:?]
2025.11.20 08:48:16 WARN  es[][o.e.i.e.Engine] failed to rollback writer on close
java.nio.file.NoSuchFileException: /opt/sonarqube/data/es7/nodes/0/indices/loe98QaCThKj1Y14O7XGBQ/0/index
	at sun.nio.fs.UnixException.translateToIOException(Unknown Source) ~[?:?]
	at sun.nio.fs.UnixException.rethrowAsIOException(Unknown Source) ~[?:?]
	at sun.nio.fs.UnixException.rethrowAsIOException(Unknown Source) ~[?:?]
	at sun.nio.fs.UnixFileSystemProvider.newDirectoryStream(Unknown Source) ~[?:?]
	at java.nio.file.Files.newDirectoryStream(Unknown Source) ~[?:?]
	at org.apache.lucene.store.FSDirectory.listAll(FSDirectory.java:214) ~[lucene-core-8.11.1.jar:8.11.1 0b002b11819df70783e83ef36b42ed1223c14b50 - janhoy - 2021-12-14 13:46:43]
	at org.apache.lucene.store.FSDirectory.listAll(FSDirectory.java:233) ~[lucene-core-8.11.1.jar:8.11.1 0b002b11819df70783e83ef36b42ed1223c14b50 - janhoy - 2021-12-14 13:46:43]
	at org.apache.lucene.store.FilterDirectory.listAll(FilterDirectory.java:58) ~[lucene-core-8.11.1.jar:8.11.1 0b002b11819df70783e83ef36b42ed1223c14b50 - janhoy - 2021-12-14 13:46:43]
	at org.apache.lucene.store.FilterDirectory.listAll(FilterDirectory.java:58) ~[lucene-core-8.11.1.jar:8.11.1 0b002b11819df70783e83ef36b42ed1223c14b50 - janhoy - 2021-12-14 13:46:43]
	at org.apache.lucene.store.FilterDirectory.listAll(FilterDirectory.java:58) ~[lucene-core-8.11.1.jar:8.11.1 0b002b11819df70783e83ef36b42ed1223c14b50 - janhoy - 2021-12-14 13:46:43]
	at org.apache.lucene.index.IndexFileDeleter.refresh(IndexFileDeleter.java:427) ~[lucene-core-8.11.1.jar:8.11.1 0b002b11819df70783e83ef36b42ed1223c14b50 - janhoy - 2021-12-14 13:46:43]
	at org.apache.lucene.index.IndexWriter.rollbackInternalNoCommit(IndexWriter.java:2473) ~[lucene-core-8.11.1.jar:8.11.1 0b002b11819df70783e83ef36b42ed1223c14b50 - janhoy - 2021-12-14 13:46:43]
	at org.apache.lucene.index.IndexWriter.rollbackInternal(IndexWriter.java:2409) ~[lucene-core-8.11.1.jar:8.11.1 0b002b11819df70783e83ef36b42ed1223c14b50 - janhoy - 2021-12-14 13:46:43]
	at org.apache.lucene.index.IndexWriter.rollback(IndexWriter.java:2402) ~[lucene-core-8.11.1.jar:8.11.1 0b002b11819df70783e83ef36b42ed1223c14b50 - janhoy - 2021-12-14 13:46:43]
	at org.elasticsearch.index.engine.InternalEngine.closeNoLock(InternalEngine.java:2501) [elasticsearch-7.17.15.jar:7.17.15]
	at org.elasticsearch.index.engine.Engine.close(Engine.java:1840) [elasticsearch-7.17.15.jar:7.17.15]
	at org.elasticsearch.index.engine.Engine.flushAndClose(Engine.java:1827) [elasticsearch-7.17.15.jar:7.17.15]
	at org.elasticsearch.index.shard.IndexShard.close(IndexShard.java:1727) [elasticsearch-7.17.15.jar:7.17.15]
	at org.elasticsearch.index.IndexService.closeShard(IndexService.java:559) [elasticsearch-7.17.15.jar:7.17.15]
	at org.elasticsearch.index.IndexService.removeShard(IndexService.java:539) [elasticsearch-7.17.15.jar:7.17.15]
	at org.elasticsearch.index.IndexService.close(IndexService.java:334) [elasticsearch-7.17.15.jar:7.17.15]
	at org.elasticsearch.indices.IndicesService.removeIndex(IndicesService.java:885) [elasticsearch-7.17.15.jar:7.17.15]
	at org.elasticsearch.indices.IndicesService.lambda$doStop$3(IndicesService.java:402) [elasticsearch-7.17.15.jar:7.17.15]
	at java.util.concurrent.ThreadPoolExecutor.runWorker(Unknown Source) [?:?]
	at java.util.concurrent.ThreadPoolExecutor$Worker.run(Unknown Source) [?:?]
	at java.lang.Thread.run(Unknown Source) [?:?]
2025.11.20 08:48:16 INFO  es[][o.e.n.Node] stopped
2025.11.20 08:48:16 INFO  es[][o.e.n.Node] closing ...
2025.11.20 08:48:16 ERROR es[][o.e.b.ElasticsearchUncaughtExceptionHandler] uncaught exception in thread [Thread-2]
java.io.UncheckedIOException: java.nio.file.NoSuchFileException: /opt/sonarqube/data/es7/nodes/0/_state
	at org.elasticsearch.common.component.AbstractLifecycleComponent.close(AbstractLifecycleComponent.java:93) ~[elasticsearch-7.17.15.jar:7.17.15]
	at org.elasticsearch.core.internal.io.IOUtils.close(IOUtils.java:74) ~[elasticsearch-core-7.17.15.jar:7.17.15]
	at org.elasticsearch.core.internal.io.IOUtils.close(IOUtils.java:116) ~[elasticsearch-core-7.17.15.jar:7.17.15]
	at org.elasticsearch.core.internal.io.IOUtils.close(IOUtils.java:99) ~[elasticsearch-core-7.17.15.jar:7.17.15]
	at org.elasticsearch.node.Node.close(Node.java:1401) ~[elasticsearch-7.17.15.jar:7.17.15]
	at org.elasticsearch.core.internal.io.IOUtils.close(IOUtils.java:74) ~[elasticsearch-core-7.17.15.jar:7.17.15]
	at org.elasticsearch.core.internal.io.IOUtils.close(IOUtils.java:116) ~[elasticsearch-core-7.17.15.jar:7.17.15]
	at org.elasticsearch.core.internal.io.IOUtils.close(IOUtils.java:66) ~[elasticsearch-core-7.17.15.jar:7.17.15]
	at org.elasticsearch.bootstrap.Bootstrap$4.run(Bootstrap.java:198) ~[elasticsearch-7.17.15.jar:7.17.15]
Caused by: java.nio.file.NoSuchFileException: /opt/sonarqube/data/es7/nodes/0/_state
	at sun.nio.fs.UnixException.translateToIOException(Unknown Source) ~[?:?]
	at sun.nio.fs.UnixException.rethrowAsIOException(Unknown Source) ~[?:?]
	at sun.nio.fs.UnixException.rethrowAsIOException(Unknown Source) ~[?:?]
	at sun.nio.fs.UnixFileSystemProvider.newDirectoryStream(Unknown Source) ~[?:?]
	at java.nio.file.Files.newDirectoryStream(Unknown Source) ~[?:?]
	at org.apache.lucene.store.FSDirectory.listAll(FSDirectory.java:214) ~[lucene-core-8.11.1.jar:8.11.1 0b002b11819df70783e83ef36b42ed1223c14b50 - janhoy - 2021-12-14 13:46:43]
	at org.apache.lucene.store.FSDirectory.listAll(FSDirectory.java:233) ~[lucene-core-8.11.1.jar:8.11.1 0b002b11819df70783e83ef36b42ed1223c14b50 - janhoy - 2021-12-14 13:46:43]
	at org.apache.lucene.store.FilterDirectory.listAll(FilterDirectory.java:58) ~[lucene-core-8.11.1.jar:8.11.1 0b002b11819df70783e83ef36b42ed1223c14b50 - janhoy - 2021-12-14 13:46:43]
	at org.apache.lucene.index.IndexFileDeleter.refresh(IndexFileDeleter.java:427) ~[lucene-core-8.11.1.jar:8.11.1 0b002b11819df70783e83ef36b42ed1223c14b50 - janhoy - 2021-12-14 13:46:43]
	at org.apache.lucene.index.IndexWriter.rollbackInternalNoCommit(IndexWriter.java:2473) ~[lucene-core-8.11.1.jar:8.11.1 0b002b11819df70783e83ef36b42ed1223c14b50 - janhoy - 2021-12-14 13:46:43]
	at org.apache.lucene.index.IndexWriter.rollbackInternal(IndexWriter.java:2409) ~[lucene-core-8.11.1.jar:8.11.1 0b002b11819df70783e83ef36b42ed1223c14b50 - janhoy - 2021-12-14 13:46:43]
	at org.apache.lucene.index.IndexWriter.rollback(IndexWriter.java:2402) ~[lucene-core-8.11.1.jar:8.11.1 0b002b11819df70783e83ef36b42ed1223c14b50 - janhoy - 2021-12-14 13:46:43]
	at org.apache.lucene.index.IndexWriter.close(IndexWriter.java:1280) ~[lucene-core-8.11.1.jar:8.11.1 0b002b11819df70783e83ef36b42ed1223c14b50 - janhoy - 2021-12-14 13:46:43]
	at org.elasticsearch.core.internal.io.IOUtils.close(IOUtils.java:74) ~[elasticsearch-core-7.17.15.jar:7.17.15]
	at org.elasticsearch.core.internal.io.IOUtils.close(IOUtils.java:116) ~[elasticsearch-core-7.17.15.jar:7.17.15]
	at org.elasticsearch.core.internal.io.IOUtils.close(IOUtils.java:66) ~[elasticsearch-core-7.17.15.jar:7.17.15]
	at org.elasticsearch.gateway.PersistedClusterStateService$MetadataIndexWriter.close(PersistedClusterStateService.java:663) ~[elasticsearch-7.17.15.jar:7.17.15]
	at org.elasticsearch.core.internal.io.IOUtils.close(IOUtils.java:74) ~[elasticsearch-core-7.17.15.jar:7.17.15]
	at org.elasticsearch.core.internal.io.IOUtils.close(IOUtils.java:116) ~[elasticsearch-core-7.17.15.jar:7.17.15]
	at org.elasticsearch.core.internal.io.IOUtils.close(IOUtils.java:99) ~[elasticsearch-core-7.17.15.jar:7.17.15]
	at org.elasticsearch.gateway.PersistedClusterStateService$Writer.close(PersistedClusterStateService.java:993) ~[elasticsearch-7.17.15.jar:7.17.15]
	at org.elasticsearch.core.internal.io.IOUtils.close(IOUtils.java:74) ~[elasticsearch-core-7.17.15.jar:7.17.15]
	at org.elasticsearch.gateway.GatewayMetaState$LucenePersistedState.close(GatewayMetaState.java:629) ~[elasticsearch-7.17.15.jar:7.17.15]
	at org.elasticsearch.cluster.coordination.CoordinationState.close(CoordinationState.java:541) ~[elasticsearch-7.17.15.jar:7.17.15]
	at org.elasticsearch.cluster.coordination.Coordinator.doClose(Coordinator.java:958) ~[elasticsearch-7.17.15.jar:7.17.15]
	at org.elasticsearch.common.component.AbstractLifecycleComponent.close(AbstractLifecycleComponent.java:91) ~[elasticsearch-7.17.15.jar:7.17.15]
	... 8 more
2025.11.20 08:48:50 INFO  es[][o.e.n.Node] version[7.17.15], pid[29], build[default/tar/0b8ecfb4378335f4689c4223d1f1115f16bef3ba/2023-11-10T22:03:46.987399016Z], OS[Linux/5.15.0-161-generic/amd64], JVM[Eclipse Adoptium/OpenJDK 64-Bit Server VM/17.0.16/17.0.16+8]
2025.11.20 08:48:50 INFO  es[][o.e.n.Node] JVM home [/opt/java/openjdk]
2025.11.20 08:48:50 INFO  es[][o.e.n.Node] JVM arguments [-XX:+UseG1GC, -Djava.io.tmpdir=/opt/sonarqube/temp, -XX:ErrorFile=/opt/sonarqube/logs/es_hs_err_pid%p.log, -Des.networkaddress.cache.ttl=60, -Des.networkaddress.cache.negative.ttl=10, -XX:+AlwaysPreTouch, -Xss1m, -Djava.awt.headless=true, -Dfile.encoding=UTF-8, -Djna.nosys=true, -Djna.tmpdir=/opt/sonarqube/temp, -XX:-OmitStackTraceInFastThrow, -Dio.netty.noUnsafe=true, -Dio.netty.noKeySetOptimization=true, -Dio.netty.recycler.maxCapacityPerThread=0, -Dio.netty.allocator.numDirectArenas=0, -Dlog4j.shutdownHookEnabled=false, -Dlog4j2.disable.jmx=true, -Dlog4j2.formatMsgNoLookups=true, -Djava.locale.providers=COMPAT, -Dcom.redhat.fips=false, -Xmx512m, -Xms512m, -XX:MaxDirectMemorySize=256m, -XX:+HeapDumpOnOutOfMemoryError, -Des.path.home=/opt/sonarqube/elasticsearch, -Des.path.conf=/opt/sonarqube/temp/conf/es, -Des.distribution.flavor=default, -Des.distribution.type=tar, -Des.bundled_jdk=false]
2025.11.20 08:48:51 INFO  es[][o.e.p.PluginsService] loaded module [analysis-common]
2025.11.20 08:48:51 INFO  es[][o.e.p.PluginsService] loaded module [lang-painless]
2025.11.20 08:48:51 INFO  es[][o.e.p.PluginsService] loaded module [parent-join]
2025.11.20 08:48:51 INFO  es[][o.e.p.PluginsService] loaded module [reindex]
2025.11.20 08:48:51 INFO  es[][o.e.p.PluginsService] loaded module [transport-netty4]
2025.11.20 08:48:51 INFO  es[][o.e.p.PluginsService] no plugins loaded
2025.11.20 08:48:51 INFO  es[][o.e.e.NodeEnvironment] using [1] data paths, mounts [[/opt/sonarqube/data (/dev/mapper/ubuntu--vg-ubuntu--lv)]], net usable_space [29.2gb], net total_space [47.9gb], types [ext4]
2025.11.20 08:48:51 INFO  es[][o.e.e.NodeEnvironment] heap size [512mb], compressed ordinary object pointers [true]
2025.11.20 08:48:51 INFO  es[][o.e.n.Node] node name [sonarqube], node ID [IXfB6xSURZ-bPkjUlibPRA], cluster name [sonarqube], roles [data_frozen, master, remote_cluster_client, data, data_content, data_hot, data_warm, data_cold, ingest]
2025.11.20 08:48:55 INFO  es[][o.e.t.NettyAllocator] creating NettyAllocator with the following configs: [name=unpooled, suggested_max_allocation_size=256kb, factors={es.unsafe.use_unpooled_allocator=null, g1gc_enabled=true, g1gc_region_size=1mb, heap_size=512mb}]
2025.11.20 08:48:55 INFO  es[][o.e.i.r.RecoverySettings] using rate limit [40mb] with [default=40mb, read=0b, write=0b, max=0b]
2025.11.20 08:48:55 INFO  es[][o.e.d.DiscoveryModule] using discovery type [zen] and seed hosts providers [settings]
2025.11.20 08:48:55 INFO  es[][o.e.g.DanglingIndicesState] gateway.auto_import_dangling_indices is disabled, dangling indices will not be automatically detected or imported and must be managed manually
2025.11.20 08:48:55 INFO  es[][o.e.n.Node] initialized
2025.11.20 08:48:55 INFO  es[][o.e.n.Node] starting ...
2025.11.20 08:48:55 INFO  es[][o.e.t.TransportService] publish_address {127.0.0.1:43203}, bound_addresses {127.0.0.1:43203}
2025.11.20 08:48:56 WARN  es[][o.e.b.BootstrapChecks] max virtual memory areas vm.max_map_count [65530] is too low, increase to at least [262144]
2025.11.20 08:48:56 INFO  es[][o.e.c.c.Coordinator] setting initial configuration to VotingConfiguration{IXfB6xSURZ-bPkjUlibPRA}
2025.11.20 08:48:56 INFO  es[][o.e.c.s.MasterService] elected-as-master ([1] nodes joined)[{sonarqube}{IXfB6xSURZ-bPkjUlibPRA}{kMdQNeS9T2u4VDeQ0v803w}{127.0.0.1}{127.0.0.1:43203}{cdfhimrsw} elect leader, _BECOME_MASTER_TASK_, _FINISH_ELECTION_], term: 1, version: 1, delta: master node changed {previous [], current [{sonarqube}{IXfB6xSURZ-bPkjUlibPRA}{kMdQNeS9T2u4VDeQ0v803w}{127.0.0.1}{127.0.0.1:43203}{cdfhimrsw}]}
2025.11.20 08:48:56 INFO  es[][o.e.c.c.CoordinationState] cluster UUID set to [tzxpJ1MiQKCGLFWCqhmJFA]
2025.11.20 08:48:56 INFO  es[][o.e.c.s.ClusterApplierService] master node changed {previous [], current [{sonarqube}{IXfB6xSURZ-bPkjUlibPRA}{kMdQNeS9T2u4VDeQ0v803w}{127.0.0.1}{127.0.0.1:43203}{cdfhimrsw}]}, term: 1, version: 1, reason: Publication{term=1, version=1}
2025.11.20 08:48:56 INFO  es[][o.e.g.GatewayService] recovered [0] indices into cluster_state
2025.11.20 08:48:56 INFO  es[][o.e.h.AbstractHttpServerTransport] publish_address {127.0.0.1:9001}, bound_addresses {127.0.0.1:9001}
2025.11.20 08:48:56 INFO  es[][o.e.n.Node] started
2025.11.20 08:49:04 INFO  es[][o.e.c.m.MetadataCreateIndexService] [metadatas] creating index, cause [api], templates [], shards [1]/[0]
2025.11.20 08:49:04 INFO  es[][o.e.c.r.a.AllocationService] Cluster health status changed from [YELLOW] to [GREEN] (reason: [shards started [[metadatas][0]]]).
2025.11.20 08:49:04 INFO  es[][o.e.c.m.MetadataMappingService] [metadatas/TuTLzwBTRrOe4FBoK9750Q] create_mapping [metadata]
2025.11.20 08:49:05 INFO  es[][o.e.c.m.MetadataCreateIndexService] [components] creating index, cause [api], templates [], shards [5]/[0]
2025.11.20 08:49:05 INFO  es[][o.e.c.r.a.AllocationService] Cluster health status changed from [YELLOW] to [GREEN] (reason: [shards started [[components][4]]]).
2025.11.20 08:49:05 INFO  es[][o.e.c.m.MetadataMappingService] [components/jJ7Goo96Rsa7g520aELczg] create_mapping [auth]
2025.11.20 08:49:05 INFO  es[][o.e.c.m.MetadataCreateIndexService] [projectmeasures] creating index, cause [api], templates [], shards [5]/[0]
2025.11.20 08:49:05 INFO  es[][o.e.c.r.a.AllocationService] Cluster health status changed from [YELLOW] to [GREEN] (reason: [shards started [[projectmeasures][4]]]).
2025.11.20 08:49:05 INFO  es[][o.e.c.m.MetadataMappingService] [projectmeasures/hHkW_hCASZW8EJF16ER6NQ] create_mapping [auth]
2025.11.20 08:49:05 INFO  es[][o.e.c.m.MetadataCreateIndexService] [rules] creating index, cause [api], templates [], shards [2]/[0]
2025.11.20 08:49:05 INFO  es[][o.e.c.r.a.AllocationService] Cluster health status changed from [YELLOW] to [GREEN] (reason: [shards started [[rules][0]]]).
2025.11.20 08:49:05 INFO  es[][o.e.c.m.MetadataMappingService] [rules/SVOfZ-9sTXiMaS8RL6Kxdg] create_mapping [rule]
2025.11.20 08:49:06 INFO  es[][o.e.c.m.MetadataCreateIndexService] [issues] creating index, cause [api], templates [], shards [5]/[0]
2025.11.20 08:49:06 INFO  es[][o.e.c.r.a.AllocationService] Cluster health status changed from [YELLOW] to [GREEN] (reason: [shards started [[issues][4]]]).
2025.11.20 08:49:06 INFO  es[][o.e.c.m.MetadataMappingService] [issues/N_zq-kAuTa2bN_ce-a6TIQ] create_mapping [auth]
2025.11.20 08:49:06 INFO  es[][o.e.c.m.MetadataCreateIndexService] [users] creating index, cause [api], templates [], shards [1]/[0]
2025.11.20 08:49:06 INFO  es[][o.e.c.r.a.AllocationService] Cluster health status changed from [YELLOW] to [GREEN] (reason: [shards started [[users][0]]]).
2025.11.20 08:49:06 INFO  es[][o.e.c.m.MetadataMappingService] [users/aptah1R_RuG4OdxP8iU9Eg] create_mapping [user]
2025.11.20 08:49:06 INFO  es[][o.e.c.m.MetadataCreateIndexService] [views] creating index, cause [api], templates [], shards [5]/[0]
2025.11.20 08:49:06 INFO  es[][o.e.c.r.a.AllocationService] Cluster health status changed from [YELLOW] to [GREEN] (reason: [shards started [[views][4]]]).
2025.11.20 08:49:06 INFO  es[][o.e.c.m.MetadataMappingService] [views/LaWFotbyRauS942CkstzyA] create_mapping [view]
2025.11.20 08:49:14 INFO  es[][o.e.c.s.IndexScopedSettings] updating [index.refresh_interval] from [30s] to [-1]
2025.11.20 08:49:14 INFO  es[][o.e.c.s.IndexScopedSettings] updating [index.refresh_interval] from [30s] to [-1]
2025.11.20 08:49:14 INFO  es[][o.e.c.s.IndexScopedSettings] updating [index.refresh_interval] from [-1] to [30s]
2025.11.20 08:49:14 INFO  es[][o.e.c.s.IndexScopedSettings] updating [index.refresh_interval] from [-1] to [30s]
2025.11.20 08:49:14 INFO  es[][o.e.c.s.IndexScopedSettings] updating [index.refresh_interval] from [30s] to [-1]
2025.11.20 08:49:14 INFO  es[][o.e.c.s.IndexScopedSettings] updating [index.refresh_interval] from [30s] to [-1]
2025.11.20 08:49:14 INFO  es[][o.e.c.s.IndexScopedSettings] updating [index.refresh_interval] from [-1] to [30s]
2025.11.20 08:49:14 INFO  es[][o.e.c.s.IndexScopedSettings] updating [index.refresh_interval] from [-1] to [30s]
2025.11.20 23:48:50 WARN  es[][o.e.t.ThreadPool] timer thread slept for [14.4h/52122151ms] on absolute clock which is above the warn threshold of [5000ms]
2025.11.20 23:48:50 WARN  es[][o.e.t.ThreadPool] timer thread slept for [6.1s/6167338956ns] on relative clock which is above the warn threshold of [5000ms]
